{"paths":{"0":["Image/easy/1",0],"1":["Image/easy/2",0],"2":["Image/easy/3",0],"3":["Image/easy/4",0],"4":["Image/easy/5",0],"5":["Image/easy/6",0],"6":["Image/easy/7",0],"7":["Image/easy/8",0],"8":["Image/easy/9",0],"9":["Image/easy/blank",0],"10":["Image/hard/1",0],"11":["Image/hard/10",0],"12":["Image/hard/11",0],"13":["Image/hard/12",0],"14":["Image/hard/13",0],"15":["Image/hard/14",0],"16":["Image/hard/15",0],"17":["Image/hard/16",0],"18":["Image/hard/17",0],"19":["Image/hard/18",0],"20":["Image/hard/19",0],"21":["Image/hard/2",0],"22":["Image/hard/20",0],"23":["Image/hard/21",0],"24":["Image/hard/22",0],"25":["Image/hard/23",0],"26":["Image/hard/24",0],"27":["Image/hard/25",0],"28":["Image/hard/3",0],"29":["Image/hard/4",0],"30":["Image/hard/5",0],"31":["Image/hard/6",0],"32":["Image/hard/7",0],"33":["Image/hard/8",0],"34":["Image/hard/9",0],"35":["Image/hard/blank",0],"36":["Image/normal/1",0],"37":["Image/normal/10",0],"38":["Image/normal/11",0],"39":["Image/normal/12",0],"40":["Image/normal/13",0],"41":["Image/normal/14",0],"42":["Image/normal/15",0],"43":["Image/normal/16",0],"44":["Image/normal/2",0],"45":["Image/normal/3",0],"46":["Image/normal/4",0],"47":["Image/normal/5",0],"48":["Image/normal/6",0],"49":["Image/normal/7",0],"50":["Image/normal/8",0],"51":["Image/normal/9",0],"52":["Image/normal/blank",0],"53":["Image/easy/1",1,1],"54":["Image/easy/2",1,1],"55":["Image/easy/3",1,1],"56":["Image/easy/4",1,1],"57":["Image/easy/5",1,1],"58":["Image/easy/6",1,1],"59":["Image/easy/7",1,1],"60":["Image/easy/8",1,1],"61":["Image/easy/9",1,1],"62":["Image/easy/blank",1,1],"63":["Image/hard/1",1,1],"64":["Image/hard/10",1,1],"65":["Image/hard/11",1,1],"66":["Image/hard/12",1,1],"67":["Image/hard/13",1,1],"68":["Image/hard/14",1,1],"69":["Image/hard/15",1,1],"70":["Image/hard/16",1,1],"71":["Image/hard/17",1,1],"72":["Image/hard/18",1,1],"73":["Image/hard/19",1,1],"74":["Image/hard/2",1,1],"75":["Image/hard/20",1,1],"76":["Image/hard/21",1,1],"77":["Image/hard/22",1,1],"78":["Image/hard/23",1,1],"79":["Image/hard/24",1,1],"80":["Image/hard/25",1,1],"81":["Image/hard/3",1,1],"82":["Image/hard/4",1,1],"83":["Image/hard/5",1,1],"84":["Image/hard/6",1,1],"85":["Image/hard/7",1,1],"86":["Image/hard/8",1,1],"87":["Image/hard/9",1,1],"88":["Image/hard/blank",1,1],"89":["Image/normal/1",1,1],"90":["Image/normal/10",1,1],"91":["Image/normal/11",1,1],"92":["Image/normal/12",1,1],"93":["Image/normal/13",1,1],"94":["Image/normal/14",1,1],"95":["Image/normal/15",1,1],"96":["Image/normal/16",1,1],"97":["Image/normal/2",1,1],"98":["Image/normal/3",1,1],"99":["Image/normal/4",1,1],"100":["Image/normal/5",1,1],"101":["Image/normal/6",1,1],"102":["Image/normal/7",1,1],"103":["Image/normal/8",1,1],"104":["Image/normal/9",1,1],"105":["Image/normal/blank",1,1]},"types":["cc.Texture2D","cc.SpriteFrame"],"uuids":["b66XM/vfZITY3IH51AmFUR","d21GQ61wlMc6DR+T7TSLjY","07OM568GhJSrhEENR3y3Fi","8cGVQbKTVKqInMxShXXnXW","eaZFIlZ0dBR7O6kDwOUSCc","2e3/d59rtNqY/7hKsReJyE","74FELhpp5DNrFARchHaKNR","7byp9e7MFMb6QC2dQd5/8W","be8yIvCBxHlJDFCKLYpCED","9cd7zF+9pP0bHXlVK039kR","c3LOR07gxF+ItA/YG67lZs","ccErxr+8FAwoTX/wOrrW72","3fhIUwBQVOY5or/HE0sAqt","37NGEG/tFCLrwXxhFlzBzP","456apT4E9JS65aCZlr2L37","5aNJ+9HxxAr4mfsmEnB/X+","26+A1HKXxKkILLh9pigsvj","200xG7fStHNZTA30wybCtm","89Z8p7AstJZIdgx5jUhVP6","79mu6uBLlKDrslhOj30lVo","a9yEtAGQ9GOJlSQ0tkN1fO","eapxc7ABFA0YWfqpBLxuNa","f0RBbFZttLVY2U1ydABY46","84fJWfID9DKp103okLvZLK","91/cs7A4NOl7BK2kyYHyfu","840f8SlXREta5PfXr7avQt","ad0Mm2vANPEZrYZwhvxldR","123GCZsalKjKv5v/dfQf8O","b2upwF/r9Gfae9Z+aM/8do","b9rZ5tlIZFVYCIMV4N0/cj","6ajdMnjI1OYIeEZmV17RWM","b9IiP5VRxJu4+tzXsaoFUP","5cuSSjXhhF6Z8JIbONNHin","f2F8YB8TJIpZECtG3Li47h","39RzCPofpPcIR8cMHyW8Ex","a8eMJtlHhI1owFWJFUXoF6","0cpFGUNE5N2pe98zzWvJKS","17QWQxbxlCOpnTD+mQPXyE","bcYlDFJxtP8bUBVYzbbg4J","d444kkmcFK+rI25y9bfHI9","f7cJJyXnZAq7dge5Gop5w6","c8IMOZCBBMxI8DeMHnahOf","9dmo2MTQ1G+pt8yIN2KK9I","08L08i+ZVBpIzX/yBxdCNY","cb3Kman4FJu4MDxbIWBo7s","ceEipvVbBPtLQAkmmgVJ15","b8B8W/obVNJbA7IQc4UvSn","16OO060r1KDIxwjh6Tc0h7","f7fBWTqQtGIo2CDtmQGBKQ","87vhNwiWtN/oGpLiZb5TKb","95TtauatZPlqbwq9CExdyz","c4FzEfDtFFooPaFWoo/zmm","13T9Kk/hBOWpqa/4jR8TnJ","96e0BVDd1O8aEy8v1FlMyG","0dVvCarNJJbKdlDChrKdIv","d3F3/2PqhBRKh4gbFaSJUQ","e8uBumXztBiaUlSPrjyzv0","6eIOnM0OdG86W7FmlnrEqL","1eHPXlD7VA95WpFml2d5Sa","bfsIPqYAtORaB/a5vGcqbK","a3zIZpP+9DSqqB9Csd+5ss","72W9u36llHEqKuwYX00254","c6DflP0cBN0oofzq0Fk4EG","749O4S1QNGWJWf6o0Ycsru","a4FeC4N9pDLLCL1uoKuN6w","e4Es/BBRFIjJxBFpi88MT5","2910qUAFdK4JqTWWKnZk8j","58OGx/3LRP7I02A0faZFus","50xtr54MlDcp5UafUJAmm7","5cUr3WEhFIt5nLpxhYuZeR","c02B52wvpIxK+ZXMg70f7O","83ticxODxEB537HactNqzq","0brNQR3cBByoV+JfvBVLzF","b2tqtdiC5BBLiX2xdHBIYW","bcBFZV/ytNhoBMKXf6pZb9","01/1n/67lHsJnU0wYYdBIt","a62th/XXVCJbkTnqk6hjN2","e925DoCL5GOKKgUxYvN6Nh","c8m2GIqvtPG4nyvQd4NuhA","38fPItrIRHm7X2vgLqwZnP","f9CbxTcs9MG6qBelf4JcsT","c2nxheHcJLfIQzaOG5FG8Z","d0ugvCwNtCD7AsPsoK+qgt","37vgOc9U5NKLSk5f/oZjns","51VJd3JDFEvqOmmpdbJvlT","56mCJyq+FCebA8n5quBAC+","02g4m/KopPfKp9oKxRb0Sg","1f51j7JrxPY7NojnBfunvA","10QNInnrhF/5rrwzGPpYk8","045K5AaZ9KD7404tWuy23M","7ccpVM/l1AdIcPXSnRAVwx","27PAHP6XFMc7Vv79JNEi6i","12crbeMStMfqVWfZk1gBum","41AQBkcJdMR4bfJrfzKYIg","4fnJTAUMpDbK4+0YUuss2Q","0cfA0E06BKubA9NS2GxN9T","aa9X7fl1JOPLAVvH0wxzoX","a1eiM7vYJElKecQLwFjYgP","a3/1eIOA1MrZWexZLBzdkv","1c4Ev3CC9CmquCHS2vQD7w","63P95pBFFK7pS4H84JXCh2","a256CyLtxGnLe/nQtVsbVR","72dPO36s9DP76Gh1uj2quB","44+AC89KdFZaTcxzJtkYHt","8cBfBnhyhBvLGhkQdBm/5B","20QGHEYrlCA4a6qYgu7ivZ"],"scenes":{},"redirect":[],"deps":[],"packs":{"0a2766ff0":[2,43,36,27,52,47,37,17,16,5,13,34,12,14,15,32,30,6,19,7,23,25,49,18,3,24,50,9,42,35,20,26,28,0,46,31,29,38,8,10,51,41,44,11,45,1,39,4,21,22,33,40,48]},"name":"resources","importBase":"import","nativeBase":"native","debug":false,"isZip":false,"encrypted":false,"versions":{"import":[75,"03124",86,"bf529",89,"12197","0a2766ff0","7ba7f",72,"6a24a",95,"be8e5",54,"bb861",88,"6cadb",92,"3d473",99,"4e336",58,"c8525",87,"f79f3",105,"ebc70",91,"e1950",66,"b2fff",83,"84eec",79,"9798a",93,"ea217",103,"1b3bb",94,"71dfd",68,"c5071",84,"7cd69",85,"28e38",67,"7267c",69,"9a3be",100,"9220b",57,"72036",61,"d4567",102,"9c658",63,"b3221",90,"b6fc2",71,"a1e30",104,"6685a",53,"252bd",97,"4d7f3",101,"8f9ed",60,"fc8eb",98,"cfd41",64,"04ad9",76,"26b3d",96,"d3ff5",73,"33e00",74,"08cdb",59,"65be4",70,"8aa31",81,"1f51f",62,"a0d7a",78,"11a2d",82,"ee618",55,"4ecda",65,"b78b9",56,"f47b2",77,"9bec3",80,"9e655"],"native":[2,"26d27",43,"40b86",36,"cc828",27,"dc65c",52,"2fdfa",47,"a6fcc",37,"0ef45",17,"93e1b",16,"d38fe",5,"56edd",13,"69570",34,"e0647",12,"7774f",14,"45da2",15,"a5a2b",32,"bc584",30,"41c3f",6,"5f2fa",19,"093d8",7,"70ca3",23,"63fc8",25,"99c31",49,"c3486",18,"4a16d",3,"414f2",24,"d3bb2",50,"9f522",9,"ca652",42,"28c61",35,"47264",20,"21da6",26,"22aa4",28,"33a44",0,"0432f",46,"f3ac5",31,"598ed",29,"3847a",38,"e619d",8,"f8093",10,"e515a",51,"29a33",41,"2d833",44,"d12c6",11,"4a0b2",45,"c9e03",1,"af74b",39,"2a093",4,"bee62",21,"7f61e",22,"c6f59",33,"e7d19",40,"c6b8d",48,"a4231"]}}