[1,["ecpdLyjvZBwrvm+cedCcQy","11GTGdKwxETZ5PD6yZyaxF","baEa27vgZPSqEgzqWGzmH5","2fiyD5/b5Ln7HD98sVfLuy","42VEhn+L9EF4fWrtbyFubg","97NnY7eLZH7bHFlXjIzU4r","f4wNzv83lDIIwEbfQx+cG7","ebkTwvJ+hHBqD7WC6FZmmr","aebyqwCVdC0pMyLP0n7rhF","25YeUB5gtAeYGD0VCSvYm7","89fe7qPIpDgr5R5VxeS+ey","b72M/KQfpOipkiVKY78Tar","7biL2bVEFAeZdsuBau6VsU"],["node","_textureSetter","_spriteFrame","root","_N$target","data","_N$normalSprite","_N$pressedSprite","_N$hoverSprite","_N$disabledSprite"],["cc.SpriteFrame",["cc.Node",["_name","_components","_prefab","_trs","_parent","_contentSize","_children","_color"],2,9,4,7,1,5,2,5],["cc.Widget",["_alignFlags","_left","_right","_top","_bottom","alignMode","_originalWidth","_originalHeight","node"],-5,1],["cc.PrefabInfo",["fileId","root"],2,1],["cc.Sprite",["_type","_sizeMode","node","_materials","_spriteFrame"],1,1,3,6],["cc.Prefab",["_name"],2],["d5d1b9tXXRHC6m+1uftge1B",["node"],3,1],["cc.Button",["_N$transition","node","clickEvents","_N$normalColor","_N$pressedColor","_N$disabledColor","_N$target","_N$normalSprite","_N$pressedSprite","_N$hoverSprite","_N$disabledSprite"],2,1,9,5,5,5,1,6,6,6,6],["cc.ClickEvent",["_componentId","handler","target"],1,1]],[[3,0,1,2],[1,0,4,1,2,5,3,2],[4,2,3,4,1],[5,0,2],[1,0,6,1,2,3,2],[1,0,4,6,1,2,7,5,3,2],[1,0,4,1,2,7,5,2],[6,0,1],[2,0,1,2,3,4,8,6],[2,5,0,6,7,8,5],[3,1,1],[7,0,1,2,3,4,5,6,7,8,9,10,2],[8,0,1,2,3],[4,0,1,2,3,4,3]],[[[{"name":"button_100","rect":[0,0,100,100],"offset":[0,0],"originalSize":[100,100],"capInsets":[0,0,0,0]}],[0],0,[0],[1],[2]],[[[3,"Lose"],[4,"Lose",[-4,-5],[[7,-2],[8,45,640,640,360,360,-3]],[10,-1],[640,360,0,0,0,0,1,1,1,1]],[5,"Replay",1,[-8,-9],[[11,2,-7,[[12,"d5d1b9tXXRHC6m+1uftge1B","scene1",1]],[4,4293322470],[4,4291348680],[4,3363338360],-6,6,7,8,9]],[0,"48Ch98brZBuIVpALHx693M",1],[4,4294769917],[5,40,40],[0,-200,0,0,0,0,1,4,4,1]],[6,"Background",2,[[13,1,0,-10,[2],3],[9,0,45,100,40,-11]],[0,"d63SmsLMNLgLtY2HzMSCma",1],[4,4294638588],[5,40,40]],[1,"—Pngtree—game over writing design in_5991751",1,[[2,-12,[0],1]],[0,"24bjtn5vZHA792J5UoT65M",1],[5,4080,4080],[0,100,0,0,0,0,1,0.15,0.15,0.1]],[1,"repeat",2,[[2,-13,[4],5]],[0,"27u38ihuVJSKTd8LnWT/RX",1],[5,56,56],[0,0,0,0,0,0,1,0.5,0.5,1]]],0,[0,3,1,0,0,1,0,0,1,0,-1,4,0,-2,2,0,4,3,0,0,2,0,-1,3,0,-2,5,0,0,3,0,0,3,0,0,4,0,0,5,0,5,1,13],[0,0,0,0,0,0,0,0,0,0],[-1,2,-1,2,-1,2,6,7,8,9],[0,3,0,1,0,4,1,5,6,7]],[[{"name":"—Pngtree—game over writing design in_5991751","rect":[0,0,4080,4080],"offset":[0,0],"originalSize":[4080,4080],"capInsets":[0,0,0,0]}],[0],0,[0],[1],[8]],[[{"name":"repeat","rect":[4,4,56,56],"offset":[0,0],"originalSize":[64,64],"capInsets":[0,0,0,0]}],[0],0,[0],[1],[9]],[[{"name":"button_100_down","rect":[0,0,100,100],"offset":[0,0],"originalSize":[100,100],"capInsets":[0,0,0,0]}],[0],0,[0],[1],[10]],[[{"name":"button_100_inactive","rect":[0,0,100,100],"offset":[0,0],"originalSize":[100,100],"capInsets":[0,0,0,0]}],[0],0,[0],[1],[11]],[[{"name":"button_100_hover","rect":[0,0,100,100],"offset":[0,0],"originalSize":[100,100],"capInsets":[0,0,0,0]}],[0],0,[0],[1],[12]]]]