[1,["ecpdLyjvZBwrvm+cedCcQy","ebkTwvJ+hHBqD7WC6FZmmr","11GTGdKwxETZ5PD6yZyaxF","97NnY7eLZH7bHFlXjIzU4r","f4wNzv83lDIIwEbfQx+cG7","40mrys7K5P06SSKUh8TYHp","b6+AasRA1B6YuAKrPmu8XD","e97GVMl6JHh5Ml5qEDdSGa","f0BIwQ8D5Ml7nTNQbh1YlS","29FYIk+N1GYaeWH/q1NxQO","baEa27vgZPSqEgzqWGzmH5","71VhFCTINJM6/Ky3oX9nBT","04mjxb7NFP/KxCG8fVdGbK","25YeUB5gtAeYGD0VCSvYm7","f56rHAfRhIdo2xs75oEnY+","42VEhn+L9EF4fWrtbyFubg","76rX2tSNVPsZAs+CXusLxn","cf73jxyN9Jt47QTJU6ziYh","ddepQlfUBBBJd7XvcllhO3","99FwsL0hBG8bITfZ4/IwmK","2fy8upfG1LEZhc3HkCP6Ne","89fe7qPIpDgr5R5VxeS+ey","b3f6m1a4hOgZ5q7sseUUEU","0dVvCarNJJbKdlDChrKdIv","d3F3/2PqhBRKh4gbFaSJUQ","e8uBumXztBiaUlSPrjyzv0","6eIOnM0OdG86W7FmlnrEqL","1eHPXlD7VA95WpFml2d5Sa","bfsIPqYAtORaB/a5vGcqbK","a3zIZpP+9DSqqB9Csd+5ss","96e0BVDd1O8aEy8v1FlMyG","a2MjXRFdtLlYQ5ouAFv/+R","8855/VlrRKd6H0MSRnFxAU","9203sj19BO6p6YTWvuAc5L","44XrNaagdAGYwbFpv3/Ia1","2cLsC31WNEp44tQq8gf5Cr","69L1FPKpRO7Jh3ndmO/TDv","6dKPWj6xNLMqGB1Qz2QQ5C","91eOVQAjdCzqE9Bvqsm8rj","0a6oYxs0ZA8qHySOVCdxMZ","675ovJ2tVK2aLYfgPUWOMv","02delMVqdBD70a/HSD99FK","6csrpqYd9FxqjAyeS3tU3K","99EJO4Zl5PVLSSu238VAS6","b4P/PCArtIdIH38t6mlw8Y","b72M/KQfpOipkiVKY78Tar","e8Ueib+qJEhL6mXAHdnwbi","7biL2bVEFAeZdsuBau6VsU","4agIy4zQtCCKId7UHnoP87"],["node","_spriteFrame","_textureSetter","_N$normalSprite","_N$pressedSprite","_N$hoverSprite","_N$disabledSprite","_N$target","_parent","root","data","_N$barSprite","target","scene","timeBar","modeDisplay","lowTimeLabel","timeLabel","endGame","loseGame","shuffle","soft","winsound","losesound"],["cc.SpriteFrame",["cc.Node",["_name","_objFlags","_id","_active","_opacity","_components","_parent","_contentSize","_children","_trs","_color","_prefab"],-2,9,1,5,2,7,5,4],["cc.Widget",["_alignFlags","_left","_top","_originalWidth","_right","_originalHeight","_bottom","alignMode","node"],-5,1],["cc.Sprite",["_sizeMode","_type","node","_materials","_spriteFrame"],1,1,3,6],["38246mXfaNGroCsay9Z4avq",["col","row","node","lv1"],1,1,1],["cc.Label",["_string","_styleFlags","_N$horizontalAlign","_N$verticalAlign","_fontSize","_N$overflow","_lineHeight","_enableWrapText","_N$cacheMode","node","_materials"],-6,1,3],["cc.Node",["_name","_objFlags","_parent","_components","_trs","_color","_contentSize","_anchorPoint"],1,1,2,7,5,5,5],["cc.PrefabInfo",["fileId","root"],2,1],["cc.Prefab",["_name"],2],["cc.Node",["_name","_parent","_components","_color","_contentSize","_trs"],2,1,12,5,5,7],["d5d1b9tXXRHC6m+1uftge1B",["node"],3,1],["cc.Button",["_N$transition","node","clickEvents","_N$normalColor","_N$pressedColor","_N$disabledColor","_N$target","_N$normalSprite","_N$pressedSprite","_N$hoverSprite","_N$disabledSprite"],2,1,9,5,5,5,1,6,6,6,6],["cc.ClickEvent",["_componentId","handler","target"],1,1],["cc.SceneAsset",["_name","asyncLoadAssets"],1],["cc.Canvas",["_fitWidth","node","_designResolution"],2,1,5],["2e03dM2jplH+Kxt8H9H7QtO",["node"],3,1],["8dea9M4L1JNbJ5gW1vKlAVC",["rowBlank","colBlank","sizeRow","sizeCol","imageKeyList","imageOfNumberList","checkPointList"],-1,2,2,2],["cc.ProgressBar",["_N$totalLength","node","_N$barSprite"],2,1,1],["cc.BoxCollider",["node","_size"],3,1,5],["45587Vo4eRP1aXdwJ7Dbp8k",["node"],3,1],["cc.Scene",["_name","_active","_children","_anchorPoint","_trs"],1,2,5,7],["cc.Camera",["_clearFlags","_depth","node"],1,1]],[[1,0,6,5,7,9,2],[3,0,2,3,4,2],[18,0,1,1],[19,0,1],[3,2,3,4,1],[3,0,2,3,2],[7,0,1,2],[3,1,0,2,3,4,3],[2,7,0,3,5,8,5],[11,0,1,2,3,4,5,6,7,8,9,10,2],[12,0,1,2,3],[2,0,1,4,2,6,3,5,8,8],[4,1,0,2,3,3],[1,0,6,5,11,7,9,2],[1,0,6,8,9,2],[1,0,6,8,5,7,9,2],[1,0,6,8,5,11,10,7,9,2],[1,0,6,5,11,10,7,2],[1,0,1,8,5,10,7,3],[1,0,6,5,2],[1,0,1,6,5,10,7,3],[9,0,1,2,3,4,5,2],[10,0,1],[4,0,2,3,2],[4,1,2,3,2],[5,0,4,7,1,2,3,5,8,9,10,9],[8,0,2],[1,0,8,5,11,9,2],[1,0,2,8,5,7,9,3],[1,0,3,6,8,5,10,7,9,3],[1,0,6,8,2],[1,0,1,6,5,7,3],[1,0,6,5,7,2],[1,0,4,6,5,10,7,3],[6,0,2,3,4,2],[6,0,1,2,3,5,6,7,4,3],[2,0,1,4,2,6,8,6],[2,0,8,2],[2,0,1,4,2,3,8,6],[2,0,1,2,8,4],[2,0,3,5,8,4],[2,7,0,1,4,2,6,3,5,8,9],[7,1,1],[3,1,0,2,3,3],[13,0,1,3],[14,0,1,2,2],[15,0,1],[16,0,1,2,3,4,5,6,5],[17,0,1,2,2],[4,2,3,1],[20,0,1,2,3,4,3],[21,0,1,2,3],[5,0,4,6,1,2,3,9,10,7],[5,0,1,2,3,5,9,10,6]],[[[{"name":"button_100","rect":[0,0,100,100],"offset":[0,0],"originalSize":[100,100],"capInsets":[0,0,0,0]}],[0],0,[0],[2],[10]],[[{"name":"default_btn_disabled","rect":[0,0,40,40],"offset":[0,0],"originalSize":[40,40],"capInsets":[12,12,12,12]}],[0],0,[0],[2],[11]],[[{"name":"Khung","rect":[384,384,1232,1232],"offset":[0,0],"originalSize":[2000,2000],"capInsets":[0,0,0,0]}],[0],0,[0],[2],[12]],[[{"name":"repeat","rect":[4,4,56,56],"offset":[0,0],"originalSize":[64,64],"capInsets":[0,0,0,0]}],[0],0,[0],[2],[13]],[[[26,"endgame1"],[27,"endgame",[-4,-5,-6],[[22,-2],[36,45,640,640,340,380,-3]],[42,-1],[640,380,0,0,0,0,1,1,1,1]],[16,"Replay",1,[-9,-10],[[9,2,-8,[[10,"d5d1b9tXXRHC6m+1uftge1B","scene1",1]],[4,4293322470],[4,4291348680],[4,3363338360],-7,6,7,8,9]],[6,"2bnwHyq7FLWJi+catLgNmp",1],[4,4294769917],[5,40,40],[-200,-250,0,0,0,0,1,4,4,1]],[17,"Background",2,[[7,1,0,-11,[2],3],[8,0,45,100,40,-12]],[6,"31zPNU/BtJrr6e0lgVLVm/",1],[4,4294638588],[5,40,40]],[16,"Next",1,[-15,-16],[[9,2,-14,[[10,"d5d1b9tXXRHC6m+1uftge1B","scene2",1]],[4,4293322470],[4,4291348680],[4,3363338360],-13,14,15,16,17]],[6,"d7ltPyZ7ZL8qnwh7dEhjbg",1],[4,4294769917],[5,40,40],[200,-250,0,0,0,0,1,4,4,1]],[17,"Background",4,[[7,1,0,-17,[10],11],[8,0,45,100,40,-18]],[6,"73gZeQAolLdIN6+VzkoqYD",1],[4,4294638588],[5,40,40]],[13,"win",1,[[4,-19,[0],1]],[6,"72x3axatZGLJQTVBAz18kN",1],[5,2221,1349],[0,0,0,0,0,0,1,0.4,0.4,1]],[13,"repeat",2,[[4,-20,[4],5]],[6,"1e6tEWfhtDdI6IfnyxBVix",1],[5,56,56],[0,0,0,0,0,0,1,0.5,0.5,1]],[13,"arrow_right",4,[[4,-21,[12],13]],[6,"b6Hspk8btGMY4am49i5EhL",1],[5,56,54],[0,0,0,0,0,0,1,0.5,0.5,1]]],0,[0,9,1,0,0,1,0,0,1,0,-1,6,0,-2,2,0,-3,4,0,7,3,0,0,2,0,-1,3,0,-2,7,0,0,3,0,0,3,0,7,5,0,0,4,0,-1,5,0,-2,8,0,0,5,0,0,5,0,0,6,0,0,7,0,0,8,0,10,1,21],[0,0,0,0,0,0,0,0,0,0,0,0,0,0,0,0,0,0],[-1,1,-1,1,-1,1,3,4,5,6,-1,1,-1,1,3,4,5,6],[0,14,0,2,0,15,2,3,4,1,0,2,0,16,2,3,4,1]],[[{"name":"default_progressbar","rect":[0,0,30,15],"offset":[0,0],"originalSize":[30,15],"capInsets":[10,4,10,4]}],[0],0,[0],[2],[17]],[[{"name":"arrow_right","rect":[4,6,56,54],"offset":[0,-1],"originalSize":[64,64],"capInsets":[0,0,0,0]}],[0],0,[0],[2],[18]],[[{"name":"default_progressbar_bg","rect":[0,0,60,15],"offset":[0,0],"originalSize":[60,15],"capInsets":[10,4,10,4]}],[0],0,[0],[2],[19]],[[{"name":"menu","rect":[4,6,56,52],"offset":[0,0],"originalSize":[64,64],"capInsets":[0,0,0,0]}],[0],0,[0],[2],[20]],[[{"name":"button_100_down","rect":[0,0,100,100],"offset":[0,0],"originalSize":[100,100],"capInsets":[0,0,0,0]}],[0],0,[0],[2],[21]],[[[44,"lv1",null],[28,"Canvas","12aprmwPJFxZI0myzwHYr3",[-4,-5,-6,-7,-8,-9,-10,-11,-12,-13,-14,-15,-16,-17],[[45,true,-1,[5,1280,720]],[37,45,-2],[46,-3]],[5,1280,720],[640,360,0,0,0,0,1,1,1,1]],[14,"CheckPoint",1,[-18,-19,-20,-21,-22,-23,-24,-25,-26],[-640,-360,0,0,0,0,1,1,1,1]],[47,2,2,3,3,[-45,-46,-47,-48,-49,-50,-51,-52,-53],[-36,-37,-38,-39,-40,-41,-42,-43,-44],[-27,-28,-29,-30,-31,-32,-33,-34,-35]],[14,"ImageKey",1,[-54,-55,-56,-57,-58,-59,-60,-61,-62],[-734.699,-125,0,0,0,0,1,0.4,0.4,1]],[14,"ImageOfNumber",1,[-63,-64,-65,-66,-67,-68,-69,-70,-71],[-640,-360,0,0,0,0,1,1,1,1]],[29,"progressBar",false,1,[-76],[[7,1,0,-72,[53],54],[48,300,-74,-73],[38,1,340,340,15,300,-75]],[4,4278254045],[5,300,15],[0,330,0,0,0,0,1,2,2,2]],[30,"Mode",1,[-77,-78,-79]],[18,"Background",512,[-82],[[7,1,0,-80,[39],40],[8,0,45,100,40,-81]],[4,4281336063],[5,100,40]],[18,"Background",512,[-85],[[7,1,0,-83,[46],47],[8,0,45,100,40,-84]],[4,4281336063],[5,100,40]],[15,"menu",1,[-90,-91],[[9,2,-88,[[10,"d5d1b9tXXRHC6m+1uftge1B","menuScene",-87]],[4,4293322470],[4,4291348680],[4,3363338360],-86,59,60,61,62],[39,9,45,45,-89]],[5,100,40],[-555,279,0,0,0,0,1,0.8,1.8,0.8]],[0,"Point1",2,[[2,-92,[5,1000,1000]],[49,-93,3]],[5,1000,1000],[446.229,553.52,0,0,0,0,1,0.195,0.193,0.195]],[34,"GameController",1,[3],[-640,-360,0,0,0,0,1,1,1,1]],[0,"1",5,[[5,0,-94,[33]],[3,-95]],[5,1000,1000],[446.229,553.52,0,0,0,0,1,0.195,0.193,0.195]],[0,"2",5,[[5,0,-96,[24]],[3,-97]],[5,1000,1000],[641.049,553.52,0,0,0,0,1,0.195,0.193,0.195]],[0,"3",5,[[5,0,-98,[25]],[3,-99]],[5,1000,1000],[834.642,553.52,0,0,0,0,1,0.195,0.193,0.195]],[0,"4",5,[[5,0,-100,[26]],[3,-101]],[5,1000,1000],[446.514,360.69,0,0,0,0,1,0.195,0.193,0.195]],[0,"5",5,[[5,0,-102,[27]],[3,-103]],[5,1000,1000],[641.049,360.69,0,0,0,0,1,0.195,0.193,0.195]],[0,"6",5,[[5,0,-104,[28]],[3,-105]],[5,1000,1000],[834.642,360.69,0,0,0,0,1,0.195,0.193,0.195]],[0,"7",5,[[5,0,-106,[29]],[3,-107]],[5,1000,1000],[446.514,167.705,0,0,0,0,1,0.195,0.193,0.195]],[0,"8",5,[[5,0,-108,[30]],[3,-109]],[5,1000,1000],[641.049,167.705,0,0,0,0,1,0.195,0.193,0.195]],[0,"Blank",5,[[4,-110,[31],32],[3,-111]],[5,1000,1000],[832.316,165.379,0,0,0,0,1,0.195,0.193,0.195]],[0,"Point2",2,[[2,-112,[5,1000,1000]],[23,1,-113,3]],[5,1000,1000],[641.049,553.52,0,0,0,0,1,0.195,0.193,0.195]],[0,"Point3",2,[[2,-114,[5,1000,1000]],[23,2,-115,3]],[5,1000,1000],[834.642,553.52,0,0,0,0,1,0.195,0.193,0.195]],[0,"Point4",2,[[2,-116,[5,1000,1000]],[24,1,-117,3]],[5,1000,1000],[446.229,360.69,0,0,0,0,1,0.195,0.193,0.195]],[0,"Point5",2,[[2,-118,[5,1000,1000]],[12,1,1,-119,3]],[5,1000,1000],[641.049,360.69,0,0,0,0,1,0.195,0.193,0.195]],[0,"Point6",2,[[2,-120,[5,1000,1000]],[12,1,2,-121,3]],[5,1000,1000],[834.642,360.69,0,0,0,0,1,0.195,0.193,0.195]],[0,"Point7",2,[[2,-122,[5,1000,1000]],[24,2,-123,3]],[5,1000,1000],[446.514,167.705,0,0,0,0,1,0.195,0.193,0.195]],[0,"Point8",2,[[2,-124,[5,1000,1000]],[12,2,1,-125,3]],[5,1000,1000],[641.049,167.705,0,0,0,0,1,0.195,0.193,0.195]],[0,"Point9",2,[[2,-126,[5,1000,1000]],[12,2,2,-127,3]],[5,1000,1000],[834.642,167.705,0,0,0,0,1,0.195,0.193,0.195]],[15,"countDownBtn",7,[8],[[9,2,-128,[[10,"8dea9M4L1JNbJ5gW1vKlAVC","countDown",12]],[4,4293322470],[4,4291348680],[4,3363338360],8,41,42,43,44],[11,45,-250,50,-40,-40,100,40,-129]],[5,100,40],[-150,0,0,0,0,0,1,2,2,1]],[15,"lowestTimeBtn",7,[9],[[9,2,-130,[[10,"8dea9M4L1JNbJ5gW1vKlAVC","lowestTime",12]],[4,4293322470],[4,4291348680],[4,3363338360],9,48,49,50,51],[11,45,50,-250,-40,-40,100,40,-131]],[5,100,40],[150,0,0,0,0,0,1,2,2,1]],[31,"Background",512,10,[[7,1,0,-132,[55],56],[8,0,45,100,40,-133]],[5,100,40]],[32,"background",1,[[1,0,-134,[0],1],[40,45,1440,720,-135]],[5,1280,720]],[19,"Jjgsaw",1,[[22,-136]]],[0,"1",4,[[1,0,-137,[22],23]],[5,1000,1000],[446.229,553.52,0,0,0,0,1,0.195,0.193,0.195]],[0,"2",4,[[1,0,-138,[6],7]],[5,1000,1000],[641.049,553.52,0,0,0,0,1,0.195,0.193,0.195]],[0,"3",4,[[1,0,-139,[8],9]],[5,1000,1000],[834.642,553.52,0,0,0,0,1,0.195,0.193,0.195]],[0,"4",4,[[1,0,-140,[10],11]],[5,1000,1000],[446.229,360.69,0,0,0,0,1,0.195,0.193,0.195]],[0,"5",4,[[1,0,-141,[12],13]],[5,1000,1000],[641.049,360.69,0,0,0,0,1,0.195,0.193,0.195]],[0,"6",4,[[1,0,-142,[14],15]],[5,1000,1000],[834.642,360.69,0,0,0,0,1,0.195,0.193,0.195]],[0,"7",4,[[1,0,-143,[16],17]],[5,1000,1000],[446.514,167.705,0,0,0,0,1,0.195,0.193,0.195]],[0,"8",4,[[1,0,-144,[18],19]],[5,1000,1000],[641.049,167.705,0,0,0,0,1,0.195,0.193,0.195]],[0,"Blank",4,[[4,-145,[20],21]],[5,1000,1000],[834.642,167.705,0,0,0,0,1,0.195,0.193,0.195]],[21,"time",1,[[-146,[11,36,1010.515,60.51500000000004,482.2,162.2,208.97,75.6,-147]],1,4],[4,4281532671],[5,208.97,75.6],[474.9999999999999,-160,0,0,0,0,1,1,1,1]],[21,"lowesttime",1,[[-148,[41,2,33,966.065,15.05100000000003,163.553,503.933,288.22,50.4,-149]],1,4],[4,4281532671],[5,288.22,50.4],[480.83899999999994,171.247,0,0,0,0,1,1,1,1]],[33,"New Sprite(Splash)",73.18499999999999,7,[[1,0,-150,[36],37],[11,45,-1000,-1000,-500,-500,1280,720,-151]],[4,4278979596],[5,2000,1000]],[50,"New Node",false,[1],[0,0,0],[0,0,0,0,0,0,1,1,1,1]],[19,"Main Camera",1,[[51,7,-1,-152]]],[0,"Khung",1,[[4,-153,[2],3]],[5,1232,1232],[0,0,0,0,0,0,1,0.5,0.5,0.5]],[0,"Khung2",1,[[4,-154,[4],5]],[5,1232,1232],[-477.054,18.071,0,0,0,0,1,0.2,0.2,0.15]],[52,"Time: 0",60,60,1,1,1,44,[34]],[53,"Lowest Time: 0",1,1,1,2,45,[35]],[20,"Label",512,8,[[25,"CountDown",20,false,1,1,1,2,1,-155,[38]]],[4,4278190080],[5,100,40]],[20,"Label",512,9,[[25,"Lowest Time",20,false,1,1,1,2,1,-156,[45]]],[4,4278190080],[5,100,40]],[35,"bar",512,6,[-157],[4,4279959794],[5,300,15],[0,0,0.5],[-150,0,0,0,0,0,1,1,1,1]],[43,1,0,55,[52]],[0,"menu",10,[[4,-158,[57],58]],[5,56,52],[0,0,0,0,0,0,1,1,0.5,1]]],0,[0,0,1,0,0,1,0,0,1,0,-1,48,0,-2,33,0,-3,49,0,-4,50,0,-5,34,0,-6,2,0,-7,5,0,-8,4,0,-9,12,0,-10,44,0,-11,45,0,-12,10,0,-13,7,0,-14,6,0,-1,11,0,-2,22,0,-3,23,0,-4,24,0,-5,25,0,-6,26,0,-7,27,0,-8,28,0,-9,29,0,-1,11,0,-2,22,0,-3,23,0,-4,24,0,-5,25,0,-6,26,0,-7,27,0,-8,28,0,-9,29,0,-1,13,0,-2,14,0,-3,15,0,-4,16,0,-5,17,0,-6,18,0,-7,19,0,-8,20,0,-9,21,0,-1,35,0,-2,36,0,-3,37,0,-4,38,0,-5,39,0,-6,40,0,-7,41,0,-8,42,0,-9,43,0,-1,35,0,-2,36,0,-3,37,0,-4,38,0,-5,39,0,-6,40,0,-7,41,0,-8,42,0,-9,43,0,-1,13,0,-2,14,0,-3,15,0,-4,16,0,-5,17,0,-6,18,0,-7,19,0,-8,20,0,-9,21,0,0,6,0,11,56,0,0,6,0,0,6,0,-1,55,0,-1,46,0,-2,30,0,-3,31,0,0,8,0,0,8,0,-1,53,0,0,9,0,0,9,0,-1,54,0,7,32,0,12,34,0,0,10,0,0,10,0,-1,32,0,-2,57,0,0,11,0,0,11,0,0,13,0,0,13,0,0,14,0,0,14,0,0,15,0,0,15,0,0,16,0,0,16,0,0,17,0,0,17,0,0,18,0,0,18,0,0,19,0,0,19,0,0,20,0,0,20,0,0,21,0,0,21,0,0,22,0,0,22,0,0,23,0,0,23,0,0,24,0,0,24,0,0,25,0,0,25,0,0,26,0,0,26,0,0,27,0,0,27,0,0,28,0,0,28,0,0,29,0,0,29,0,0,30,0,0,30,0,0,31,0,0,31,0,0,32,0,0,32,0,0,33,0,0,33,0,0,34,0,0,35,0,0,36,0,0,37,0,0,38,0,0,39,0,0,40,0,0,41,0,0,42,0,0,43,0,-1,51,0,0,44,0,-1,52,0,0,45,0,0,46,0,0,46,0,0,48,0,0,49,0,0,50,0,0,53,0,0,54,0,-1,56,0,0,57,0,13,47,1,8,47,3,14,6,3,15,7,3,16,52,3,17,51,3,0,12,8,8,30,9,8,31,158],[0,0,0,0,0,0,0,0,0,0,0,0,0,0,0,0,0,0,0,0,0,0,0,0,0,0,0,0,0,0,0,0,0,0,0,0,0,0,0,0,0,0,0,0,0,0,0,0,0,0,0,0,0,0,0,0,0,0,0,0,0,0,0,3,3,3,3,3,3,56],[-1,1,-1,1,-1,1,-1,1,-1,1,-1,1,-1,1,-1,1,-1,1,-1,1,-1,1,-1,1,-1,-1,-1,-1,-1,-1,-1,-1,1,-1,-1,-1,-1,1,-1,-1,1,3,4,5,6,-1,-1,1,3,4,5,6,-1,-1,1,-1,1,-1,1,3,4,5,6,18,19,20,21,22,23,1],[0,22,0,5,0,5,0,23,0,24,0,25,0,26,0,27,0,28,0,29,0,6,0,30,0,0,0,0,0,0,0,0,6,0,0,0,0,31,0,0,1,1,7,8,9,0,0,1,1,7,8,9,0,0,32,0,2,0,33,2,3,4,1,34,35,36,37,38,39,40]],[[{"name":"default_sprite_splash","rect":[0,0,2,2],"offset":[0,0],"originalSize":[2,2],"capInsets":[0,0,0,0]}],[0],0,[0],[2],[41]],[[{"name":"background","rect":[0,0,1440,720],"offset":[0,0],"originalSize":[1440,720],"capInsets":[0,0,0,0]}],[0],0,[0],[2],[42]],[[{"name":"Blank","rect":[0,0,1000,1000],"offset":[0,0],"originalSize":[1000,1000],"capInsets":[0,0,0,0]}],[0],0,[0],[2],[43]],[[{"name":"default_btn_pressed","rect":[0,0,40,40],"offset":[0,0],"originalSize":[40,40],"capInsets":[12,12,12,12]}],[0],0,[0],[2],[44]],[[{"name":"button_100_inactive","rect":[0,0,100,100],"offset":[0,0],"originalSize":[100,100],"capInsets":[0,0,0,0]}],[0],0,[0],[2],[45]],[[{"name":"default_btn_normal","rect":[0,0,40,40],"offset":[0,0],"originalSize":[40,40],"capInsets":[12,12,12,12]}],[0],0,[0],[2],[46]],[[{"name":"button_100_hover","rect":[0,0,100,100],"offset":[0,0],"originalSize":[100,100],"capInsets":[0,0,0,0]}],[0],0,[0],[2],[47]],[[{"name":"—Pngtree—you win brush stroke colorful_4006155","rect":[132,618,2221,1349],"offset":[-7.5,-42.5],"originalSize":[2500,2500],"capInsets":[0,0,0,0]}],[0],0,[0],[2],[48]]]]