[1,["ecpdLyjvZBwrvm+cedCcQy","ebkTwvJ+hHBqD7WC6FZmmr","11GTGdKwxETZ5PD6yZyaxF","97NnY7eLZH7bHFlXjIzU4r","f4wNzv83lDIIwEbfQx+cG7","40mrys7K5P06SSKUh8TYHp","b6+AasRA1B6YuAKrPmu8XD","e97GVMl6JHh5Ml5qEDdSGa","f0BIwQ8D5Ml7nTNQbh1YlS","29FYIk+N1GYaeWH/q1NxQO","baEa27vgZPSqEgzqWGzmH5","71VhFCTINJM6/Ky3oX9nBT","04mjxb7NFP/KxCG8fVdGbK","25YeUB5gtAeYGD0VCSvYm7","f56rHAfRhIdo2xs75oEnY+","42VEhn+L9EF4fWrtbyFubg","76rX2tSNVPsZAs+CXusLxn","cf73jxyN9Jt47QTJU6ziYh","ddepQlfUBBBJd7XvcllhO3","99FwsL0hBG8bITfZ4/IwmK","2fy8upfG1LEZhc3HkCP6Ne","89fe7qPIpDgr5R5VxeS+ey","02delMVqdBD70a/HSD99FK","6csrpqYd9FxqjAyeS3tU3K","99EJO4Zl5PVLSSu238VAS6","b4P/PCArtIdIH38t6mlw8Y","b72M/KQfpOipkiVKY78Tar","e8Ueib+qJEhL6mXAHdnwbi","7biL2bVEFAeZdsuBau6VsU","4agIy4zQtCCKId7UHnoP87","b3f6m1a4hOgZ5q7sseUUEU","a1eiM7vYJElKecQLwFjYgP","a3/1eIOA1MrZWexZLBzdkv","1c4Ev3CC9CmquCHS2vQD7w","63P95pBFFK7pS4H84JXCh2","a256CyLtxGnLe/nQtVsbVR","72dPO36s9DP76Gh1uj2quB","44+AC89KdFZaTcxzJtkYHt","8cBfBnhyhBvLGhkQdBm/5B","7ccpVM/l1AdIcPXSnRAVwx","27PAHP6XFMc7Vv79JNEi6i","12crbeMStMfqVWfZk1gBum","41AQBkcJdMR4bfJrfzKYIg","4fnJTAUMpDbK4+0YUuss2Q","0cfA0E06BKubA9NS2GxN9T","045K5AaZ9KD7404tWuy23M","a2MjXRFdtLlYQ5ouAFv/+R","8855/VlrRKd6H0MSRnFxAU","9203sj19BO6p6YTWvuAc5L","45Y2sNmPRB6JCviMjC5B4t","2cLsC31WNEp44tQq8gf5Cr","69L1FPKpRO7Jh3ndmO/TDv","6dKPWj6xNLMqGB1Qz2QQ5C","91eOVQAjdCzqE9Bvqsm8rj","0a6oYxs0ZA8qHySOVCdxMZ","675ovJ2tVK2aLYfgPUWOMv"],["node","_spriteFrame","_textureSetter","_N$normalSprite","_N$pressedSprite","_N$hoverSprite","_N$disabledSprite","_N$target","_parent","root","data","_N$barSprite","target","scene","timeBar","modeDisplay","lowTimeLabel","timeLabel","endGame","loseGame","shuffle","soft","winsound","losesound"],["cc.SpriteFrame",["cc.Node",["_name","_objFlags","_id","_active","_opacity","_components","_parent","_contentSize","_children","_trs","_color","_prefab"],-2,9,1,5,2,7,5,4],["cc.Widget",["_alignFlags","_right","_originalWidth","_left","_top","_bottom","_originalHeight","alignMode","_verticalCenter","_horizontalCenter","node"],-7,1],["cc.Sprite",["_sizeMode","_type","node","_materials","_spriteFrame"],1,1,3,6],["38246mXfaNGroCsay9Z4avq",["col","row","node","lv2"],1,1,1],["cc.Label",["_string","_styleFlags","_N$horizontalAlign","_N$verticalAlign","_fontSize","_N$overflow","_lineHeight","_enableWrapText","_N$cacheMode","node","_materials"],-6,1,3],["cc.Node",["_name","_objFlags","_parent","_components","_trs","_color","_contentSize","_anchorPoint"],1,1,2,7,5,5,5],["cc.PrefabInfo",["fileId","root"],2,1],["cc.Prefab",["_name"],2],["cc.Node",["_name","_parent","_components","_color","_contentSize","_trs"],2,1,12,5,5,7],["d5d1b9tXXRHC6m+1uftge1B",["node"],3,1],["cc.Button",["_N$transition","node","clickEvents","_N$normalColor","_N$pressedColor","_N$disabledColor","_N$target","_N$normalSprite","_N$pressedSprite","_N$hoverSprite","_N$disabledSprite"],2,1,9,5,5,5,1,6,6,6,6],["cc.ClickEvent",["_componentId","handler","target"],1,1],["cc.SceneAsset",["_name","asyncLoadAssets"],1],["cc.Canvas",["_fitWidth","node","_designResolution"],2,1,5],["2e03dM2jplH+Kxt8H9H7QtO",["node"],3,1],["7cbc2h/rHxF3pYwrr7jHWO5",["rowBlank","colBlank","sizeRow","sizeCol","imageKeyList","imageOfNumberList","checkPointList"],-1,2,2,2],["cc.ProgressBar",["_N$totalLength","node","_N$barSprite"],2,1,1],["cc.BoxCollider",["node","_size"],3,1,5],["45587Vo4eRP1aXdwJ7Dbp8k",["node"],3,1],["cc.Scene",["_name","_active","_children","_anchorPoint","_trs"],1,2,5,7],["cc.Camera",["_clearFlags","_depth","node"],1,1]],[[1,0,6,5,7,9,2],[3,0,2,3,4,2],[18,0,1,1],[19,0,1],[3,0,2,3,2],[4,1,0,2,3,3],[3,2,3,4,1],[7,0,1,2],[3,1,0,2,3,4,3],[2,7,0,2,6,10,5],[11,0,1,2,3,4,5,6,7,8,9,10,2],[12,0,1,2,3],[1,0,6,5,11,7,9,2],[1,0,6,8,9,2],[1,0,6,8,5,7,9,2],[2,0,3,1,4,5,2,6,10,8],[4,0,2,3,2],[4,1,2,3,2],[1,0,6,8,5,11,10,7,9,2],[1,0,6,5,11,10,7,2],[1,0,1,8,5,10,7,3],[1,0,6,5,2],[1,0,1,6,5,10,7,3],[9,0,1,2,3,4,5,2],[10,0,1],[2,0,2,6,10,4],[5,0,4,7,1,2,3,5,8,9,10,9],[8,0,2],[1,0,8,5,11,9,2],[1,0,2,8,5,7,9,3],[1,0,3,6,8,5,10,7,9,3],[1,0,6,8,2],[1,0,1,6,5,7,3],[1,0,6,5,7,2],[1,0,4,6,5,10,7,3],[6,0,2,3,4,2],[6,0,1,2,3,5,6,7,4,3],[2,0,3,1,4,5,10,6],[2,0,3,1,4,2,10,6],[2,7,0,3,1,4,5,8,9,2,6,10,11],[2,0,1,5,10,4],[2,0,10,2],[7,1,1],[3,1,0,2,3,3],[13,0,1,3],[14,0,1,2,2],[15,0,1],[16,0,1,2,3,4,5,6,5],[17,0,1,2,2],[4,2,3,1],[20,0,1,2,3,4,3],[21,0,1,2,3],[5,0,4,6,1,2,3,9,10,7],[5,0,1,2,3,5,9,10,6]],[[[{"name":"button_100","rect":[0,0,100,100],"offset":[0,0],"originalSize":[100,100],"capInsets":[0,0,0,0]}],[0],0,[0],[2],[10]],[[{"name":"default_btn_disabled","rect":[0,0,40,40],"offset":[0,0],"originalSize":[40,40],"capInsets":[12,12,12,12]}],[0],0,[0],[2],[11]],[[{"name":"Khung","rect":[384,384,1232,1232],"offset":[0,0],"originalSize":[2000,2000],"capInsets":[0,0,0,0]}],[0],0,[0],[2],[12]],[[{"name":"repeat","rect":[4,4,56,56],"offset":[0,0],"originalSize":[64,64],"capInsets":[0,0,0,0]}],[0],0,[0],[2],[13]],[[[27,"endgame2"],[28,"endgame2",[-4,-5,-6],[[24,-2],[37,45,640,640,360,360,-3]],[42,-1],[640,360,0,0,0,0,1,1,1,1]],[18,"Replay",1,[-9,-10],[[10,2,-8,[[11,"d5d1b9tXXRHC6m+1uftge1B","scene2",1]],[4,4293322470],[4,4291348680],[4,3363338360],-7,6,7,8,9]],[7,"2bnwHyq7FLWJi+catLgNmp",1],[4,4294769917],[5,40,40],[-200,-250,0,0,0,0,1,4,4,1]],[19,"Background",2,[[8,1,0,-11,[2],3],[9,0,45,100,40,-12]],[7,"31zPNU/BtJrr6e0lgVLVm/",1],[4,4294638588],[5,40,40]],[18,"Next",1,[-15,-16],[[10,2,-14,[[11,"d5d1b9tXXRHC6m+1uftge1B","scene3",1]],[4,4293322470],[4,4291348680],[4,3363338360],-13,14,15,16,17]],[7,"d7ltPyZ7ZL8qnwh7dEhjbg",1],[4,4294769917],[5,40,40],[200,-250,0,0,0,0,1,4,4,1]],[19,"Background",4,[[8,1,0,-17,[10],11],[9,0,45,100,40,-18]],[7,"73gZeQAolLdIN6+VzkoqYD",1],[4,4294638588],[5,40,40]],[12,"win",1,[[6,-19,[0],1]],[7,"72x3axatZGLJQTVBAz18kN",1],[5,2221,1349],[0,0,0,0,0,0,1,0.4,0.4,1]],[12,"repeat",2,[[6,-20,[4],5]],[7,"1e6tEWfhtDdI6IfnyxBVix",1],[5,56,56],[0,0,0,0,0,0,1,0.5,0.5,1]],[12,"arrow_right",4,[[6,-21,[12],13]],[7,"b6Hspk8btGMY4am49i5EhL",1],[5,56,54],[0,0,0,0,0,0,1,0.5,0.5,1]]],0,[0,9,1,0,0,1,0,0,1,0,-1,6,0,-2,2,0,-3,4,0,7,3,0,0,2,0,-1,3,0,-2,7,0,0,3,0,0,3,0,7,5,0,0,4,0,-1,5,0,-2,8,0,0,5,0,0,5,0,0,6,0,0,7,0,0,8,0,10,1,21],[0,0,0,0,0,0,0,0,0,0,0,0,0,0,0,0,0,0],[-1,1,-1,1,-1,1,3,4,5,6,-1,1,-1,1,3,4,5,6],[0,14,0,2,0,15,2,3,4,1,0,2,0,16,2,3,4,1]],[[{"name":"default_progressbar","rect":[0,0,30,15],"offset":[0,0],"originalSize":[30,15],"capInsets":[10,4,10,4]}],[0],0,[0],[2],[17]],[[{"name":"arrow_right","rect":[4,6,56,54],"offset":[0,-1],"originalSize":[64,64],"capInsets":[0,0,0,0]}],[0],0,[0],[2],[18]],[[{"name":"default_progressbar_bg","rect":[0,0,60,15],"offset":[0,0],"originalSize":[60,15],"capInsets":[10,4,10,4]}],[0],0,[0],[2],[19]],[[{"name":"menu","rect":[4,6,56,52],"offset":[0,0],"originalSize":[64,64],"capInsets":[0,0,0,0]}],[0],0,[0],[2],[20]],[[{"name":"button_100_down","rect":[0,0,100,100],"offset":[0,0],"originalSize":[100,100],"capInsets":[0,0,0,0]}],[0],0,[0],[2],[21]],[[{"name":"default_sprite_splash","rect":[0,0,2,2],"offset":[0,0],"originalSize":[2,2],"capInsets":[0,0,0,0]}],[0],0,[0],[2],[22]],[[{"name":"background","rect":[0,0,1440,720],"offset":[0,0],"originalSize":[1440,720],"capInsets":[0,0,0,0]}],[0],0,[0],[2],[23]],[[{"name":"Blank","rect":[0,0,1000,1000],"offset":[0,0],"originalSize":[1000,1000],"capInsets":[0,0,0,0]}],[0],0,[0],[2],[24]],[[{"name":"default_btn_pressed","rect":[0,0,40,40],"offset":[0,0],"originalSize":[40,40],"capInsets":[12,12,12,12]}],[0],0,[0],[2],[25]],[[{"name":"button_100_inactive","rect":[0,0,100,100],"offset":[0,0],"originalSize":[100,100],"capInsets":[0,0,0,0]}],[0],0,[0],[2],[26]],[[{"name":"default_btn_normal","rect":[0,0,40,40],"offset":[0,0],"originalSize":[40,40],"capInsets":[12,12,12,12]}],[0],0,[0],[2],[27]],[[{"name":"button_100_hover","rect":[0,0,100,100],"offset":[0,0],"originalSize":[100,100],"capInsets":[0,0,0,0]}],[0],0,[0],[2],[28]],[[{"name":"—Pngtree—you win brush stroke colorful_4006155","rect":[132,618,2221,1349],"offset":[-7.5,-42.5],"originalSize":[2500,2500],"capInsets":[0,0,0,0]}],[0],0,[0],[2],[29]],[[[44,"lv2",null],[29,"Canvas","12aprmwPJFxZI0myzwHYr3",[-4,-5,-6,-7,-8,-9,-10,-11,-12,-13,-14,-15,-16,-17],[[45,true,-1,[5,1280,720]],[25,45,1280,720,-2],[46,-3]],[5,1280,720],[640,360,0,0,0,0,1,1,1,1]],[13,"CheckPoint",1,[-18,-19,-20,-21,-22,-23,-24,-25,-26,-27,-28,-29,-30,-31,-32,-33],[-640,-360,0,0,0,0,1,1,1,1]],[47,3,3,4,4,[-66,-67,-68,-69,-70,-71,-72,-73,-74,-75,-76,-77,-78,-79,-80,-81],[-50,-51,-52,-53,-54,-55,-56,-57,-58,-59,-60,-61,-62,-63,-64,-65],[-34,-35,-36,-37,-38,-39,-40,-41,-42,-43,-44,-45,-46,-47,-48,-49]],[13,"ImageKey",1,[-82,-83,-84,-85,-86,-87,-88,-89,-90,-91,-92,-93,-94,-95,-96,-97],[-750.267,-126.312,0,0,0,0,1,0.4,0.4,1]],[13,"ImageOfNumber",1,[-98,-99,-100,-101,-102,-103,-104,-105,-106,-107,-108,-109,-110,-111,-112,-113],[-640,-360,0,0,0,0,1,1,1,1]],[30,"progressBar",false,1,[-118],[[8,1,0,-114,[74],75],[48,300,-116,-115],[38,1,340,340,15,300,-117]],[4,4278254045],[5,300,15],[0,330,0,0,0,0,1,2,2,2]],[31,"Mode",1,[-119,-120,-121]],[20,"Background",512,[-124],[[8,1,0,-122,[60],61],[9,0,45,100,40,-123]],[4,4281336063],[5,100,40]],[20,"Background",512,[-127],[[8,1,0,-125,[67],68],[9,0,45,100,40,-126]],[4,4281336063],[5,100,40]],[14,"menu",1,[-132,-133],[[10,2,-130,[[11,"d5d1b9tXXRHC6m+1uftge1B","menuScene",-129]],[4,4293322470],[4,4291348680],[4,3363338360],-128,80,81,82,83],[39,2,9,45,1173.859,45,609.8430000000001,285.843,-573.859,100,40,-131]],[5,100,40],[-555,279,0,0,0,0,1,0.8,1.8,0.8]],[0,"Point1",2,[[2,-134,[5,1000,1000]],[49,-135,3]],[5,1000,1000],[422,577,0,0,0,0,1,0.145,0.1425,0.195]],[35,"GameController",1,[3],[-640,-360,0,0,0,0,1,1,1,1]],[0,"1",5,[[4,0,-136,[54]],[3,-137]],[5,1000,1000],[422,577,0,0,0,0,1,0.145,0.145,0.195]],[0,"2",5,[[4,0,-138,[38]],[3,-139]],[5,1000,1000],[568,577,0,0,0,0,1,0.145,0.145,0.195]],[0,"3",5,[[4,0,-140,[39]],[3,-141]],[5,1000,1000],[714,577,0,0,0,0,1,0.145,0.145,0.195]],[0,"4",5,[[4,0,-142,[40]],[3,-143]],[5,1000,1000],[860,577,0,0,0,0,1,0.145,0.145,0.195]],[0,"5",5,[[4,0,-144,[41]],[3,-145]],[5,1000,1000],[422,431,0,0,0,0,1,0.145,0.145,0.195]],[0,"6",5,[[4,0,-146,[42]],[3,-147]],[5,1000,1000],[568,431,0,0,0,0,1,0.145,0.145,0.195]],[0,"7",5,[[4,0,-148,[43]],[3,-149]],[5,1000,1000],[714,431,0,0,0,0,1,0.145,0.145,0.195]],[0,"8",5,[[4,0,-150,[44]],[3,-151]],[5,1000,1000],[860,431,0,0,0,0,1,0.145,0.145,0.195]],[0,"9",5,[[4,0,-152,[45]],[3,-153]],[5,1000,1000],[422,290,0,0,0,0,1,0.145,0.145,0.195]],[0,"10",5,[[4,0,-154,[46]],[3,-155]],[5,1000,1000],[568,290,0,0,0,0,1,0.145,0.145,0.195]],[0,"11",5,[[4,0,-156,[47]],[3,-157]],[5,1000,1000],[714,290,0,0,0,0,1,0.145,0.145,0.195]],[0,"12",5,[[4,0,-158,[48]],[3,-159]],[5,1000,1000],[860,290,0,0,0,0,1,0.145,0.145,0.195]],[0,"13",5,[[4,0,-160,[49]],[3,-161]],[5,1000,1000],[422,143,0,0,0,0,1,0.145,0.145,0.195]],[0,"14",5,[[4,0,-162,[50]],[3,-163]],[5,1000,1000],[568,143,0,0,0,0,1,0.145,0.145,0.195]],[0,"15",5,[[4,0,-164,[51]],[3,-165]],[5,1000,1000],[714,143,0,0,0,0,1,0.145,0.145,0.195]],[0,"Blank",5,[[6,-166,[52],53],[3,-167]],[5,1000,1000],[860,143,0,0,0,0,1,0.145,0.145,0.195]],[0,"Point2",2,[[2,-168,[5,1000,1000]],[16,1,-169,3]],[5,1000,1000],[568,577,0,0,0,0,1,0.145,0.1425,0.195]],[0,"Point3",2,[[2,-170,[5,1000,1000]],[16,2,-171,3]],[5,1000,1000],[714,577,0,0,0,0,1,0.145,0.1425,0.195]],[0,"Point4",2,[[2,-172,[5,1000,1000]],[16,3,-173,3]],[5,1000,1000],[860,577,0,0,0,0,1,0.145,0.1425,0.195]],[0,"Point5",2,[[2,-174,[5,1000,1000]],[17,1,-175,3]],[5,1000,1000],[422,431,0,0,0,0,1,0.145,0.1425,0.195]],[0,"Point6",2,[[2,-176,[5,1000,1000]],[5,1,1,-177,3]],[5,1000,1000],[568,431,0,0,0,0,1,0.145,0.1425,0.195]],[0,"Point7",2,[[2,-178,[5,1000,1000]],[5,1,2,-179,3]],[5,1000,1000],[714,431,0,0,0,0,1,0.145,0.1425,0.195]],[0,"Point8",2,[[2,-180,[5,1000,1000]],[5,1,3,-181,3]],[5,1000,1000],[860,431,0,0,0,0,1,0.145,0.1425,0.195]],[0,"Point9",2,[[2,-182,[5,1000,1000]],[17,2,-183,3]],[5,1000,1000],[422,290,0,0,0,0,1,0.145,0.1425,0.195]],[0,"Point10",2,[[2,-184,[5,1000,1000]],[5,2,1,-185,3]],[5,1000,1000],[568,290,0,0,0,0,1,0.145,0.1425,0.195]],[0,"Point11",2,[[2,-186,[5,1000,1000]],[5,2,2,-187,3]],[5,1000,1000],[714,290,0,0,0,0,1,0.145,0.1425,0.195]],[0,"Point12",2,[[2,-188,[5,1000,1000]],[5,2,3,-189,3]],[5,1000,1000],[860,290,0,0,0,0,1,0.145,0.1425,0.195]],[0,"Point13",2,[[2,-190,[5,1000,1000]],[17,3,-191,3]],[5,1000,1000],[422,143,0,0,0,0,1,0.145,0.1425,0.195]],[0,"Point14",2,[[2,-192,[5,1000,1000]],[5,3,1,-193,3]],[5,1000,1000],[568,143,0,0,0,0,1,0.145,0.1425,0.195]],[0,"Point15",2,[[2,-194,[5,1000,1000]],[5,3,2,-195,3]],[5,1000,1000],[714,143,0,0,0,0,1,0.145,0.1425,0.195]],[0,"Point16",2,[[2,-196,[5,1000,1000]],[5,3,3,-197,3]],[5,1000,1000],[860,143,0,0,0,0,1,0.145,0.1425,0.195]],[14,"countDownBtn",7,[8],[[10,2,-198,[[11,"7cbc2h/rHxF3pYwrr7jHWO5","countDown",12]],[4,4293322470],[4,4291348680],[4,3363338360],8,62,63,64,65],[15,45,-250,50,-40,-40,100,40,-199]],[5,100,40],[-150,0,0,0,0,0,1,2,2,1]],[14,"lowestTimeBtn",7,[9],[[10,2,-200,[[11,"7cbc2h/rHxF3pYwrr7jHWO5","lowestTime",12]],[4,4293322470],[4,4291348680],[4,3363338360],9,69,70,71,72],[15,45,50,-250,-40,-40,100,40,-201]],[5,100,40],[150,0,0,0,0,0,1,2,2,1]],[32,"Background",512,10,[[8,1,0,-202,[76],77],[9,0,45,100,40,-203]],[5,100,40]],[33,"background",1,[[1,0,-204,[0],1],[25,45,1440,720,-205]],[5,1280,720]],[21,"Jjgsaw",1,[[24,-206]]],[0,"1",4,[[1,0,-207,[36],37]],[5,1000,1000],[422,577,0,0,0,0,1,0.145,0.145,0.195]],[0,"2",4,[[1,0,-208,[6],7]],[5,1000,1000],[568,577,0,0,0,0,1,0.145,0.145,0.195]],[0,"3",4,[[1,0,-209,[8],9]],[5,1000,1000],[714,577,0,0,0,0,1,0.145,0.145,0.195]],[0,"4",4,[[1,0,-210,[10],11]],[5,1000,1000],[860,577,0,0,0,0,1,0.145,0.145,0.195]],[0,"5",4,[[1,0,-211,[12],13]],[5,1000,1000],[422,431,0,0,0,0,1,0.145,0.145,0.195]],[0,"6",4,[[1,0,-212,[14],15]],[5,1000,1000],[568,431,0,0,0,0,1,0.145,0.145,0.195]],[0,"7",4,[[1,0,-213,[16],17]],[5,1000,1000],[714,431,0,0,0,0,1,0.145,0.145,0.195]],[0,"8",4,[[1,0,-214,[18],19]],[5,1000,1000],[860,431,0,0,0,0,1,0.145,0.145,0.195]],[0,"9",4,[[1,0,-215,[20],21]],[5,1000,1000],[422,290,0,0,0,0,1,0.145,0.145,0.195]],[0,"10",4,[[1,0,-216,[22],23]],[5,1000,1000],[568,290,0,0,0,0,1,0.145,0.145,0.195]],[0,"11",4,[[1,0,-217,[24],25]],[5,1000,1000],[714,290,0,0,0,0,1,0.145,0.145,0.195]],[0,"12",4,[[1,0,-218,[26],27]],[5,1000,1000],[860,290,0,0,0,0,1,0.145,0.145,0.195]],[0,"13",4,[[1,0,-219,[28],29]],[5,1000,1000],[422,143,0,0,0,0,1,0.145,0.145,0.195]],[0,"14",4,[[1,0,-220,[30],31]],[5,1000,1000],[568,143,0,0,0,0,1,0.145,0.145,0.195]],[0,"15",4,[[1,0,-221,[32],33]],[5,1000,1000],[714,143,0,0,0,0,1,0.145,0.145,0.195]],[0,"Blank",4,[[6,-222,[34],35]],[5,1000,1000],[860,143,0,0,0,0,1,0.145,0.145,0.195]],[23,"time",1,[[-223,[40,36,60.514999999999986,162.2,-224]],1,4],[4,4281532671],[5,208.97,75.6],[475,-160,0,0,0,0,1,1,1,1]],[23,"lowesttime",1,[[-225,[15,33,963.116,28.66399999999996,151.33200000000005,518.2679999999999,288.22,50.4,-226]],1,4],[4,4281532671],[5,288.22,50.4],[467.226,183.46799999999996,0,0,0,0,1,1,1,1]],[34,"New Sprite(Splash)",100,7,[[1,0,-227,[57],58],[41,18,-228]],[4,4278979596],[5,2000,1000]],[50,"New Node",false,[1],[0,0,0],[0,0,0,0,0,0,1,1,1,1]],[21,"Main Camera",1,[[51,7,-1,-229]]],[0,"Khung",1,[[6,-230,[2],3]],[5,1232,1232],[0,0,0,0,0,0,1,0.5,0.5,0.5]],[0,"Khung2",1,[[6,-231,[4],5]],[5,1232,1232],[-495.144,18.071,0,0,0,0,1,0.2,0.2,0.15]],[52,"Time: 0",60,60,1,1,1,65,[55]],[53,"Lowest Time: 0",1,1,1,2,66,[56]],[22,"Label",512,8,[[26,"CountDown",20,false,1,1,1,2,1,-232,[59]]],[4,4278190080],[5,100,40]],[22,"Label",512,9,[[26,"Lowest Time",20,false,1,1,1,2,1,-233,[66]]],[4,4278190080],[5,100,40]],[36,"bar",512,6,[-234],[4,4279959794],[5,300,15],[0,0,0.5],[-150,0,0,0,0,0,1,1,1,1]],[43,1,0,76,[73]],[0,"menu",10,[[6,-235,[78],79]],[5,56,52],[0,0,0,0,0,0,1,1,0.5,1]]],0,[0,0,1,0,0,1,0,0,1,0,-1,69,0,-2,47,0,-3,70,0,-4,71,0,-5,48,0,-6,2,0,-7,5,0,-8,4,0,-9,10,0,-10,66,0,-11,65,0,-12,7,0,-13,12,0,-14,6,0,-1,11,0,-2,29,0,-3,30,0,-4,31,0,-5,32,0,-6,33,0,-7,34,0,-8,35,0,-9,36,0,-10,37,0,-11,38,0,-12,39,0,-13,40,0,-14,41,0,-15,42,0,-16,43,0,-1,11,0,-2,29,0,-3,30,0,-4,31,0,-5,32,0,-6,33,0,-7,34,0,-8,35,0,-9,36,0,-10,37,0,-11,38,0,-12,39,0,-13,40,0,-14,41,0,-15,42,0,-16,43,0,-1,13,0,-2,14,0,-3,15,0,-4,16,0,-5,17,0,-6,18,0,-7,19,0,-8,20,0,-9,21,0,-10,22,0,-11,23,0,-12,24,0,-13,25,0,-14,26,0,-15,27,0,-16,28,0,-1,49,0,-2,50,0,-3,51,0,-4,52,0,-5,53,0,-6,54,0,-7,55,0,-8,56,0,-9,57,0,-10,58,0,-11,59,0,-12,60,0,-13,61,0,-14,62,0,-15,63,0,-16,64,0,-1,49,0,-2,50,0,-3,51,0,-4,52,0,-5,53,0,-6,54,0,-7,55,0,-8,56,0,-9,57,0,-10,58,0,-11,59,0,-12,60,0,-13,61,0,-14,62,0,-15,63,0,-16,64,0,-1,13,0,-2,14,0,-3,15,0,-4,16,0,-5,17,0,-6,18,0,-7,19,0,-8,20,0,-9,21,0,-10,22,0,-11,23,0,-12,24,0,-13,25,0,-14,26,0,-15,27,0,-16,28,0,0,6,0,11,77,0,0,6,0,0,6,0,-1,76,0,-1,67,0,-2,44,0,-3,45,0,0,8,0,0,8,0,-1,74,0,0,9,0,0,9,0,-1,75,0,7,46,0,12,48,0,0,10,0,0,10,0,-1,46,0,-2,78,0,0,11,0,0,11,0,0,13,0,0,13,0,0,14,0,0,14,0,0,15,0,0,15,0,0,16,0,0,16,0,0,17,0,0,17,0,0,18,0,0,18,0,0,19,0,0,19,0,0,20,0,0,20,0,0,21,0,0,21,0,0,22,0,0,22,0,0,23,0,0,23,0,0,24,0,0,24,0,0,25,0,0,25,0,0,26,0,0,26,0,0,27,0,0,27,0,0,28,0,0,28,0,0,29,0,0,29,0,0,30,0,0,30,0,0,31,0,0,31,0,0,32,0,0,32,0,0,33,0,0,33,0,0,34,0,0,34,0,0,35,0,0,35,0,0,36,0,0,36,0,0,37,0,0,37,0,0,38,0,0,38,0,0,39,0,0,39,0,0,40,0,0,40,0,0,41,0,0,41,0,0,42,0,0,42,0,0,43,0,0,43,0,0,44,0,0,44,0,0,45,0,0,45,0,0,46,0,0,46,0,0,47,0,0,47,0,0,48,0,0,49,0,0,50,0,0,51,0,0,52,0,0,53,0,0,54,0,0,55,0,0,56,0,0,57,0,0,58,0,0,59,0,0,60,0,0,61,0,0,62,0,0,63,0,0,64,0,-1,72,0,0,65,0,-1,73,0,0,66,0,0,67,0,0,67,0,0,69,0,0,70,0,0,71,0,0,74,0,0,75,0,-1,77,0,0,78,0,13,68,1,8,68,3,14,6,3,15,7,3,16,73,3,17,72,3,0,12,8,8,44,9,8,45,235],[0,0,0,0,0,0,0,0,0,0,0,0,0,0,0,0,0,0,0,0,0,0,0,0,0,0,0,0,0,0,0,0,0,0,0,0,0,0,0,0,0,0,0,0,0,0,0,0,0,0,0,0,0,0,0,0,0,0,0,0,0,0,0,0,0,0,0,0,0,0,0,0,0,0,0,0,0,0,0,0,0,0,0,0,3,3,3,3,3,3,77],[-1,1,-1,1,-1,1,-1,1,-1,1,-1,1,-1,1,-1,1,-1,1,-1,1,-1,1,-1,1,-1,1,-1,1,-1,1,-1,1,-1,1,-1,1,-1,1,-1,-1,-1,-1,-1,-1,-1,-1,-1,-1,-1,-1,-1,-1,-1,1,-1,-1,-1,-1,1,-1,-1,1,3,4,5,6,-1,-1,1,3,4,5,6,-1,-1,1,-1,1,-1,1,3,4,5,6,18,19,20,21,22,23,1],[0,30,0,5,0,5,0,31,0,32,0,33,0,34,0,35,0,36,0,37,0,38,0,39,0,40,0,41,0,42,0,43,0,44,0,6,0,45,0,0,0,0,0,0,0,0,0,0,0,0,0,0,0,6,0,0,0,0,46,0,0,1,1,7,8,9,0,0,1,1,7,8,9,0,0,47,0,2,0,48,2,3,4,1,49,50,51,52,53,54,55]]]]