[1,["ecpdLyjvZBwrvm+cedCcQy","11GTGdKwxETZ5PD6yZyaxF","97NnY7eLZH7bHFlXjIzU4r","f4wNzv83lDIIwEbfQx+cG7","ebkTwvJ+hHBqD7WC6FZmmr","b3f6m1a4hOgZ5q7sseUUEU","75Xqb2EOpHNIQ8LucuqbWv","baEa27vgZPSqEgzqWGzmH5","89fe7qPIpDgr5R5VxeS+ey","6csrpqYd9FxqjAyeS3tU3K","b72M/KQfpOipkiVKY78Tar","7biL2bVEFAeZdsuBau6VsU"],["node","_textureSetter","_parent","_spriteFrame","_N$normalSprite","_N$pressedSprite","_N$hoverSprite","_N$disabledSprite","scene","gamesound"],[["cc.Node",["_name","_objFlags","_id","_components","_contentSize","_parent","_children","_trs","_color"],0,9,5,1,2,7,5],"cc.SpriteFrame",["cc.Widget",["_alignFlags","_originalWidth","_originalHeight","alignMode","node"],-1,1],["cc.Label",["_string","_N$horizontalAlign","_N$verticalAlign","_lineHeight","_enableWrapText","_N$overflow","_N$cacheMode","_fontSize","_styleFlags","node","_materials"],-6,1,3],["cc.Sprite",["_sizeMode","_type","node","_materials","_spriteFrame"],1,1,3,6],["cc.SceneAsset",["_name","asyncLoadAssets"],1],["cc.Canvas",["node","_designResolution"],3,1,5],["3bf8e+skH9EhYGpla6WqI8X",["node","gamesound"],3,1,6],["2e03dM2jplH+Kxt8H9H7QtO",["node"],3,1],["cc.Button",["_N$transition","node","clickEvents","_N$normalColor","_N$pressedColor","_N$disabledColor","_N$target","_N$normalSprite","_N$pressedSprite","_N$hoverSprite","_N$disabledSprite"],2,1,9,5,5,5,1,6,6,6,6],["cc.ClickEvent",["_componentId","handler","target"],1,1],["cc.Scene",["_name","_active","_children","_anchorPoint","_trs"],1,2,5,7],["cc.Camera",["_clearFlags","_depth","node"],1,1],["cc.AudioClip",["_name","_native","duration"],0]],[[0,0,1,6,3,4,3],[0,0,5,6,3,4,7,2],[0,0,1,5,3,8,4,3],[2,3,0,1,2,4,5],[4,1,0,2,3,4,3],[9,0,1,2,3,4,5,6,7,8,9,10,2],[10,0,1,2,3],[0,0,5,3,4,2],[3,0,4,1,2,5,6,9,10,7],[5,0,1,3],[0,0,2,6,3,4,7,3],[0,0,5,3,8,4,7,2],[6,0,1,1],[2,0,4,2],[2,0,1,2,4,4],[7,0,1,1],[8,0,1],[4,0,2,3,4,2],[11,0,1,2,3,4,3],[12,0,1,2,3],[3,0,7,3,8,1,2,9,10,7],[3,0,3,4,1,2,5,6,9,10,8],[13,0,1,2,4]],[[[[9,"Menu",null],[10,"Canvas","a5esZu+45LA5mBpvttspPD",[-5,-6,-7,-8,-9,-10],[[12,-1,[5,1280,720]],[13,45,-2],[15,-3,24],[16,-4]],[5,1280,720],[640,360,0,0,0,0,1,1,1,1]],[0,"Background",512,[-13],[[4,1,0,-11,[4],5],[3,0,45,100,40,-12]],[5,150,70]],[0,"Background",512,[-16],[[4,1,0,-14,[11],12],[3,0,45,100,40,-15]],[5,150,70]],[0,"Background",512,[-19],[[4,1,0,-17,[18],19],[3,0,45,100,40,-18]],[5,150,70]],[7,"background",1,[[17,0,-20,[0],1],[14,45,1280,720,-21]],[5,1280,720]],[1,"Easy",1,[2],[[5,2,-22,[[6,"3bf8e+skH9EhYGpla6WqI8X","scene1",1]],[4,4293322470],[4,4291348680],[4,3363338360],2,6,7,8,9]],[5,150,70],[-300,-100,0,0,0,0,1,1.5,2,1]],[1,"Normal",1,[3],[[5,2,-23,[[6,"3bf8e+skH9EhYGpla6WqI8X","scene2",1]],[4,4293322470],[4,4291348680],[4,3363338360],3,13,14,15,16]],[5,150,70],[0,-100,0,0,0,0,1,1.5,2,1]],[1,"Hard",1,[4],[[5,2,-24,[[6,"3bf8e+skH9EhYGpla6WqI8X","scene3",1]],[4,4293322470],[4,4291348680],[4,3363338360],4,20,21,22,23]],[5,150,70],[300,-100,0,0,0,0,1,1.5,2,1]],[18,"New Node",false,[1],[0,0,0],[0,0,0,0,0,0,1,1,1,1]],[7,"Main Camera",1,[[19,7,-1,-25]],[5,640,360]],[11,"name",1,[[20,"Slide Puzzle",150,100,1,1,1,-26,[2]]],[4,4280493019],[5,866.89,126],[0,169.588,0,0,0,0,1,1,1,1]],[2,"Label",512,2,[[8,"Easy",false,1,1,1,1,-27,[3]]],[4,4278190080],[5,100,40]],[2,"Label",512,3,[[21,"Normal",50,false,1,1,2,1,-28,[10]]],[4,4278190080],[5,100,40]],[2,"Label",512,4,[[8,"Hard",false,1,1,2,1,-29,[17]]],[4,4278190080],[5,100,50.4]]],0,[0,0,1,0,0,1,0,0,1,0,0,1,0,-1,10,0,-2,5,0,-3,11,0,-4,6,0,-5,7,0,-6,8,0,0,2,0,0,2,0,-1,12,0,0,3,0,0,3,0,-1,13,0,0,4,0,0,4,0,-1,14,0,0,5,0,0,5,0,0,6,0,0,7,0,0,8,0,0,10,0,0,11,0,0,12,0,0,13,0,0,14,0,8,9,1,2,9,2,2,6,3,2,7,4,2,8,29],[0,0,0,0,0,0,0,0,0,0,0,0,0,0,0,0,0,0,0,0,0,0,0,0,0],[-1,3,-1,-1,-1,3,4,5,6,7,-1,-1,3,4,5,6,7,-1,-1,3,4,5,6,7,9],[0,5,0,0,0,1,1,2,3,4,0,0,1,1,2,3,4,0,0,1,1,2,3,4,6]],[[{"name":"button_100","rect":[0,0,100,100],"offset":[0,0],"originalSize":[100,100],"capInsets":[0,0,0,0]}],[1],0,[0],[1],[7]],[[[22,"sound",".mp3",355.866188],-1],0,0,[],[],[]],[[{"name":"button_100_down","rect":[0,0,100,100],"offset":[0,0],"originalSize":[100,100],"capInsets":[0,0,0,0]}],[1],0,[0],[1],[8]],[[{"name":"background","rect":[0,0,1440,720],"offset":[0,0],"originalSize":[1440,720],"capInsets":[0,0,0,0]}],[1],0,[0],[1],[9]],[[{"name":"button_100_inactive","rect":[0,0,100,100],"offset":[0,0],"originalSize":[100,100],"capInsets":[0,0,0,0]}],[1],0,[0],[1],[10]],[[{"name":"button_100_hover","rect":[0,0,100,100],"offset":[0,0],"originalSize":[100,100],"capInsets":[0,0,0,0]}],[1],0,[0],[1],[11]]]]