{"paths":{},"types":[],"uuids":["ebkTwvJ+hHBqD7WC6FZmmr","11GTGdKwxETZ5PD6yZyaxF","97NnY7eLZH7bHFlXjIzU4r","f4wNzv83lDIIwEbfQx+cG7","b3f6m1a4hOgZ5q7sseUUEU","42VEhn+L9EF4fWrtbyFubg","40mrys7K5P06SSKUh8TYHp","b6+AasRA1B6YuAKrPmu8XD","a2MjXRFdtLlYQ5ouAFv/+R","e97GVMl6JHh5Ml5qEDdSGa","f0BIwQ8D5Ml7nTNQbh1YlS","29FYIk+N1GYaeWH/q1NxQO","675ovJ2tVK2aLYfgPUWOMv","8855/VlrRKd6H0MSRnFxAU","9203sj19BO6p6YTWvuAc5L","f56rHAfRhIdo2xs75oEnY+","9che73TN9Hbq472WIJIqlV","f8kMZZs31MfYoSWzqEG7qS","7dnpdAuVJAS64JWYvTea3c","109DytJ2NBiZH/ApMGvGT4","69L1FPKpRO7Jh3ndmO/TDv","6dKPWj6xNLMqGB1Qz2QQ5C","91eOVQAjdCzqE9Bvqsm8rj","0a6oYxs0ZA8qHySOVCdxMZ","75Xqb2EOpHNIQ8LucuqbWv","6csrpqYd9FxqjAyeS3tU3K","04mjxb7NFP/KxCG8fVdGbK","76rX2tSNVPsZAs+CXusLxn","2fiyD5/b5Ln7HD98sVfLuy","b4P/PCArtIdIH38t6mlw8Y","b72M/KQfpOipkiVKY78Tar","99EJO4Zl5PVLSSu238VAS6","e8Ueib+qJEhL6mXAHdnwbi","71VhFCTINJM6/Ky3oX9nBT","cf73jxyN9Jt47QTJU6ziYh","99FwsL0hBG8bITfZ4/IwmK","baEa27vgZPSqEgzqWGzmH5","2fy8upfG1LEZhc3HkCP6Ne","7biL2bVEFAeZdsuBau6VsU","89fe7qPIpDgr5R5VxeS+ey","4agIy4zQtCCKId7UHnoP87","25YeUB5gtAeYGD0VCSvYm7","ddepQlfUBBBJd7XvcllhO3","aebyqwCVdC0pMyLP0n7rhF","ecpdLyjvZBwrvm+cedCcQy","44XrNaagdAGYwbFpv3/Ia1","2cLsC31WNEp44tQq8gf5Cr","0dVvCarNJJbKdlDChrKdIv","d3F3/2PqhBRKh4gbFaSJUQ","e8uBumXztBiaUlSPrjyzv0","6eIOnM0OdG86W7FmlnrEqL","1eHPXlD7VA95WpFml2d5Sa","bfsIPqYAtORaB/a5vGcqbK","a3zIZpP+9DSqqB9Csd+5ss","96e0BVDd1O8aEy8v1FlMyG","45Y2sNmPRB6JCviMjC5B4t","a1eiM7vYJElKecQLwFjYgP","a3/1eIOA1MrZWexZLBzdkv","1c4Ev3CC9CmquCHS2vQD7w","63P95pBFFK7pS4H84JXCh2","a256CyLtxGnLe/nQtVsbVR","72dPO36s9DP76Gh1uj2quB","44+AC89KdFZaTcxzJtkYHt","8cBfBnhyhBvLGhkQdBm/5B","7ccpVM/l1AdIcPXSnRAVwx","27PAHP6XFMc7Vv79JNEi6i","12crbeMStMfqVWfZk1gBum","41AQBkcJdMR4bfJrfzKYIg","4fnJTAUMpDbK4+0YUuss2Q","0cfA0E06BKubA9NS2GxN9T","045K5AaZ9KD7404tWuy23M","4cZYY4SHlJvoiDsUJ/m9JO","c7FQxnVypHyr/i1XJejiZ7","bcBFZV/ytNhoBMKXf6pZb9","c2nxheHcJLfIQzaOG5FG8Z","d0ugvCwNtCD7AsPsoK+qgt","37vgOc9U5NKLSk5f/oZjns","51VJd3JDFEvqOmmpdbJvlT","56mCJyq+FCebA8n5quBAC+","02g4m/KopPfKp9oKxRb0Sg","1f51j7JrxPY7NojnBfunvA","a4FeC4N9pDLLCL1uoKuN6w","e4Es/BBRFIjJxBFpi88MT5","2910qUAFdK4JqTWWKnZk8j","58OGx/3LRP7I02A0faZFus","50xtr54MlDcp5UafUJAmm7","5cUr3WEhFIt5nLpxhYuZeR","c02B52wvpIxK+ZXMg70f7O","83ticxODxEB537HactNqzq","0brNQR3cBByoV+JfvBVLzF","b2tqtdiC5BBLiX2xdHBIYW","01/1n/67lHsJnU0wYYdBIt","a62th/XXVCJbkTnqk6hjN2","e925DoCL5GOKKgUxYvN6Nh","c8m2GIqvtPG4nyvQd4NuhA","38fPItrIRHm7X2vgLqwZnP","749O4S1QNGWJWf6o0Ycsru","02delMVqdBD70a/HSD99FK"],"scenes":{"db://assets/lv1.fire":16,"db://assets/lv2.fire":17,"db://assets/lv3.fire":18,"db://assets/Menu.fire":19},"redirect":[44,0,47,1,48,1,49,1,50,1,51,1,52,1,53,1,54,1,56,1,57,1,58,1,59,1,60,1,61,1,62,1,63,1,64,1,65,1,66,1,67,1,68,1,69,1,70,1,73,1,74,1,75,1,76,1,77,1,78,1,79,1,80,1,81,1,82,1,83,1,84,1,85,1,86,1,87,1,88,1,89,1,90,1,91,1,92,1,93,1,94,1,95,1,96,1,97,0],"deps":["internal","resources"],"packs":{"044c0e380":[1,11,6,5,45,12,27,13,14,2,16,8,4,7,9,0,10,3,15],"058ac45d8":[1,46,28,5,2,0,3],"04dfec639":[1,11,6,5,55,12,27,13,14,2,8,4,7,9,0,10,3,15,17],"0c1c2fafc":[23,20,21,22],"0798b9eb0":[1,11,28,6,5,71,12,18,13,14,2,8,4,7,72,9,0,10,3,15],"0c643f410":[19,1,24,2,4,0,3],"07e53aa04":[26,41,37,40,25,33,38,39,31,35,43,29,30,36,34,42,32]},"name":"main","importBase":"import","nativeBase":"native","debug":false,"isZip":false,"encrypted":false,"versions":{"import":["044c0e380","ecbe9","04dfec639","0262b","058ac45d8","d4e61","0798b9eb0","48a7e","07e53aa04","c99c1","0c1c2fafc","69c15","0c643f410","21165"],"native":[26,"6de65",23,"5d508",41,"dc631",37,"a7d9f",40,"ff55f",20,"fe7c9",25,"c8cbb",21,"adbe2",33,"c06a9",24,"43592",38,"41582",39,"d07fa",22,"b996f",31,"69c4f",35,"d1118",43,"1d48b",29,"83fcc",30,"e23bd",36,"29470",34,"a4b59",42,"6e5e7",32,"90cf4"]}}