[1,["ecpdLyjvZBwrvm+cedCcQy","11GTGdKwxETZ5PD6yZyaxF","ebkTwvJ+hHBqD7WC6FZmmr","97NnY7eLZH7bHFlXjIzU4r","f4wNzv83lDIIwEbfQx+cG7","42VEhn+L9EF4fWrtbyFubg","9203sj19BO6p6YTWvuAc5L","40mrys7K5P06SSKUh8TYHp","b6+AasRA1B6YuAKrPmu8XD","e97GVMl6JHh5Ml5qEDdSGa","f0BIwQ8D5Ml7nTNQbh1YlS","29FYIk+N1GYaeWH/q1NxQO","baEa27vgZPSqEgzqWGzmH5","71VhFCTINJM6/Ky3oX9nBT","aebyqwCVdC0pMyLP0n7rhF","04mjxb7NFP/KxCG8fVdGbK","25YeUB5gtAeYGD0VCSvYm7","f56rHAfRhIdo2xs75oEnY+","cf73jxyN9Jt47QTJU6ziYh","b3f6m1a4hOgZ5q7sseUUEU","bcBFZV/ytNhoBMKXf6pZb9","c2nxheHcJLfIQzaOG5FG8Z","d0ugvCwNtCD7AsPsoK+qgt","37vgOc9U5NKLSk5f/oZjns","51VJd3JDFEvqOmmpdbJvlT","56mCJyq+FCebA8n5quBAC+","02g4m/KopPfKp9oKxRb0Sg","1f51j7JrxPY7NojnBfunvA","a4FeC4N9pDLLCL1uoKuN6w","e4Es/BBRFIjJxBFpi88MT5","2910qUAFdK4JqTWWKnZk8j","58OGx/3LRP7I02A0faZFus","50xtr54MlDcp5UafUJAmm7","5cUr3WEhFIt5nLpxhYuZeR","c02B52wvpIxK+ZXMg70f7O","83ticxODxEB537HactNqzq","0brNQR3cBByoV+JfvBVLzF","b2tqtdiC5BBLiX2xdHBIYW","01/1n/67lHsJnU0wYYdBIt","a62th/XXVCJbkTnqk6hjN2","e925DoCL5GOKKgUxYvN6Nh","c8m2GIqvtPG4nyvQd4NuhA","38fPItrIRHm7X2vgLqwZnP","749O4S1QNGWJWf6o0Ycsru","a2MjXRFdtLlYQ5ouAFv/+R","8855/VlrRKd6H0MSRnFxAU","4cZYY4SHlJvoiDsUJ/m9JO","c7FQxnVypHyr/i1XJejiZ7","69L1FPKpRO7Jh3ndmO/TDv","6dKPWj6xNLMqGB1Qz2QQ5C","91eOVQAjdCzqE9Bvqsm8rj","0a6oYxs0ZA8qHySOVCdxMZ","675ovJ2tVK2aLYfgPUWOMv","99FwsL0hBG8bITfZ4/IwmK","2fy8upfG1LEZhc3HkCP6Ne","89fe7qPIpDgr5R5VxeS+ey","02delMVqdBD70a/HSD99FK","6csrpqYd9FxqjAyeS3tU3K","99EJO4Zl5PVLSSu238VAS6","2fiyD5/b5Ln7HD98sVfLuy","b4P/PCArtIdIH38t6mlw8Y","b72M/KQfpOipkiVKY78Tar","e8Ueib+qJEhL6mXAHdnwbi","7biL2bVEFAeZdsuBau6VsU","4agIy4zQtCCKId7UHnoP87"],["node","_spriteFrame","_textureSetter","_N$normalSprite","_N$pressedSprite","_N$hoverSprite","_N$disabledSprite","_parent","_N$target","root","data","_N$barSprite","target","scene","timeBar","modeDisplay","lowTimeLabel","timeLabel","endGame","loseGame","shuffle","soft","winsound","losesound"],["cc.SpriteFrame",["cc.Node",["_name","_objFlags","_id","_active","_opacity","_components","_parent","_contentSize","_trs","_children","_color","_prefab"],-2,9,1,5,7,2,5,4],["cc.Widget",["_alignFlags","_right","_top","_left","_originalWidth","_bottom","_originalHeight","alignMode","node"],-5,1],["cc.Sprite",["_sizeMode","_type","node","_materials","_spriteFrame"],1,1,3,6],["38246mXfaNGroCsay9Z4avq",["col","row","node","lv3"],1,1,1],["cc.Label",["_string","_styleFlags","_N$horizontalAlign","_N$verticalAlign","_fontSize","_N$overflow","_lineHeight","_enableWrapText","_N$cacheMode","node","_materials"],-6,1,3],["cc.Node",["_name","_objFlags","_parent","_components","_trs","_color","_contentSize","_anchorPoint"],1,1,2,7,5,5,5],["cc.PrefabInfo",["fileId","root"],2,1],["cc.Prefab",["_name"],2],["cc.Node",["_name","_parent","_components","_color","_contentSize","_trs"],2,1,12,5,5,7],["d5d1b9tXXRHC6m+1uftge1B",["node"],3,1],["cc.Button",["_N$transition","node","clickEvents","_N$normalColor","_N$pressedColor","_N$disabledColor","_N$target","_N$normalSprite","_N$pressedSprite","_N$hoverSprite","_N$disabledSprite"],2,1,9,5,5,5,1,6,6,6,6],["cc.ClickEvent",["_componentId","handler","target"],1,1],["cc.SceneAsset",["_name","asyncLoadAssets"],1],["342a54eQ2NH9JQszSoD07km",["sizeRow","sizeCol","imageKeyList","imageOfNumberList","checkPointList"],1,2,2,2],["cc.Canvas",["node","_designResolution"],3,1,5],["cc.ProgressBar",["_N$totalLength","node","_N$barSprite"],2,1,1],["cc.BoxCollider",["node","_size"],3,1,5],["45587Vo4eRP1aXdwJ7Dbp8k",["node"],3,1],["cc.Scene",["_name","_active","_children","_anchorPoint","_trs"],1,2,5,7],["cc.Camera",["_clearFlags","_depth","node"],1,1]],[[1,0,6,5,7,8,2],[3,0,2,3,4,2],[17,0,1,1],[18,0,1],[3,0,2,3,2],[4,1,0,2,3,3],[7,0,1,2],[3,2,3,4,1],[3,1,0,2,3,4,3],[2,7,0,4,6,8,5],[11,0,1,2,3,4,5,6,7,8,9,10,2],[12,0,1,2,3],[1,0,6,5,11,7,8,2],[4,0,2,3,2],[4,1,2,3,2],[1,0,6,9,5,11,10,7,8,2],[1,0,6,5,11,10,7,2],[1,0,9,8,2],[1,0,6,9,5,7,8,2],[10,0,1],[2,0,3,1,2,5,8,6],[8,0,2],[1,0,9,5,11,8,2],[1,0,1,9,5,10,7,3],[1,0,6,5,2],[1,0,1,6,5,10,7,3],[9,0,1,2,3,4,5,2],[7,1,1],[5,0,4,7,1,2,3,5,8,9,10,9],[1,0,2,9,5,7,8,3],[1,0,6,9,5,2],[1,0,3,6,9,5,10,7,8,3],[1,0,6,5,10,7,8,2],[1,0,1,6,5,7,3],[1,0,6,5,7,2],[1,0,4,6,5,10,7,3],[6,0,2,3,4,2],[6,0,1,2,3,5,6,7,4,3],[2,0,8,2],[2,0,3,1,2,4,8,6],[2,0,3,2,8,4],[2,0,4,6,8,4],[2,0,1,5,8,4],[2,0,1,2,8,4],[3,1,0,2,3,3],[13,0,1,3],[14,0,1,2,3,4,3],[15,0,1,1],[16,0,1,2,2],[4,2,3,1],[19,0,1,2,3,4,3],[20,0,1,2,3],[5,0,4,6,1,2,3,9,10,7],[5,0,1,2,3,5,9,10,6]],[[[{"name":"button_100","rect":[0,0,100,100],"offset":[0,0],"originalSize":[100,100],"capInsets":[0,0,0,0]}],[0],0,[0],[2],[12]],[[{"name":"default_btn_disabled","rect":[0,0,40,40],"offset":[0,0],"originalSize":[40,40],"capInsets":[12,12,12,12]}],[0],0,[0],[2],[13]],[[{"name":"—Pngtree—game over writing design in_5991751","rect":[0,0,4080,4080],"offset":[0,0],"originalSize":[4080,4080],"capInsets":[0,0,0,0]}],[0],0,[0],[2],[14]],[[{"name":"Khung","rect":[384,384,1232,1232],"offset":[0,0],"originalSize":[2000,2000],"capInsets":[0,0,0,0]}],[0],0,[0],[2],[15]],[[{"name":"repeat","rect":[4,4,56,56],"offset":[0,0],"originalSize":[64,64],"capInsets":[0,0,0,0]}],[0],0,[0],[2],[16]],[[[21,"endgame3"],[22,"endgame3",[-4,-5,-6],[[19,-2],[20,45,640,640,340,380,-3]],[27,-1],[640,380,0,0,0,0,1,1,1,1]],[15,"Replay",1,[-9,-10],[[10,2,-8,[[11,"d5d1b9tXXRHC6m+1uftge1B","scene3",1]],[4,4293322470],[4,4291348680],[4,3363338360],-7,6,7,8,9]],[6,"2bnwHyq7FLWJi+catLgNmp",1],[4,4294769917],[5,40,40],[-200,-250,0,0,0,0,1,4,4,1]],[16,"Background",2,[[8,1,0,-11,[2],3],[9,0,45,100,40,-12]],[6,"31zPNU/BtJrr6e0lgVLVm/",1],[4,4294638588],[5,40,40]],[15,"Menu",1,[-15,-16],[[10,2,-14,[[11,"d5d1b9tXXRHC6m+1uftge1B","menuScene",1]],[4,4293322470],[4,4291348680],[4,3363338360],-13,14,15,16,17]],[6,"d7ltPyZ7ZL8qnwh7dEhjbg",1],[4,4294769917],[5,40,40],[200,-250,0,0,0,0,1,4,4,1]],[16,"Background",4,[[8,1,0,-17,[10],11],[9,0,45,100,40,-18]],[6,"73gZeQAolLdIN6+VzkoqYD",1],[4,4294638588],[5,40,40]],[12,"win",1,[[7,-19,[0],1]],[6,"72x3axatZGLJQTVBAz18kN",1],[5,2221,1349],[0,100,0,0,0,0,1,0.3,0.3,1]],[12,"repeat",2,[[7,-20,[4],5]],[6,"1e6tEWfhtDdI6IfnyxBVix",1],[5,56,56],[0,0,0,0,0,0,1,0.5,0.5,1]],[12,"menu",4,[[7,-21,[12],13]],[6,"f1+Le8O4RHZqvvQa6hGKUn",1],[5,56,52],[0,0,0,0,0,0,1,0.5,0.5,1]]],0,[0,9,1,0,0,1,0,0,1,0,-1,6,0,-2,2,0,-3,4,0,8,3,0,0,2,0,-1,3,0,-2,7,0,0,3,0,0,3,0,8,5,0,0,4,0,-1,5,0,-2,8,0,0,5,0,0,5,0,0,6,0,0,7,0,0,8,0,10,1,21],[0,0,0,0,0,0,0,0,0,0,0,0,0,0,0,0,0,0],[-1,1,-1,1,-1,1,3,4,5,6,-1,1,-1,1,3,4,5,6],[0,17,0,1,0,5,1,3,4,2,0,1,0,6,1,3,4,2]],[[{"name":"default_progressbar","rect":[0,0,30,15],"offset":[0,0],"originalSize":[30,15],"capInsets":[10,4,10,4]}],[0],0,[0],[2],[18]],[[[45,"lv3",null],[17,"CheckPoint",[-1,-2,-3,-4,-5,-6,-7,-8,-9,-10,-11,-12,-13,-14,-15,-16,-17,-18,-19,-20,-21,-22,-23,-24,-25],[-640,-360,0,0,0,0,1,1,1,1]],[46,5,5,[-76,-77,-78,-79,-80,-81,-82,-83,-84,-85,-86,-87,-88,-89,-90,-91,-92,-93,-94,-95,-96,-97,-98,-99,-100],[-51,-52,-53,-54,-55,-56,-57,-58,-59,-60,-61,-62,-63,-64,-65,-66,-67,-68,-69,-70,-71,-72,-73,-74,-75],[-26,-27,-28,-29,-30,-31,-32,-33,-34,-35,-36,-37,-38,-39,-40,-41,-42,-43,-44,-45,-46,-47,-48,-49,-50]],[17,"ImageKey",[-101,-102,-103,-104,-105,-106,-107,-108,-109,-110,-111,-112,-113,-114,-115,-116,-117,-118,-119,-120,-121,-122,-123,-124,-125],[-758,-124.988,0,0,0,0,1,0.4,0.4,1]],[17,"ImageOfNumber",[-126,-127,-128,-129,-130,-131,-132,-133,-134,-135,-136,-137,-138,-139,-140,-141,-142,-143,-144,-145,-146,-147,-148,-149,-150],[-640,-360,0,0,0,0,1,1,1,1]],[29,"Canvas","12aprmwPJFxZI0myzwHYr3",[-153,-154,-155,-156,-157,1,3,4,-158,-159,-160,-161,-162,-163],[[47,-151,[5,1280,720]],[38,45,-152]],[5,1280,720],[640,360,0,0,0,0,1,1,1,1]],[30,"Mode",5,[-165,-166,-167],[[20,45,640,640,360,360,-164]]],[31,"progressBar",false,5,[-172],[[8,1,0,-168,[101],102],[48,300,-170,-169],[39,1,340,340,15,300,-171]],[4,4278254045],[5,300,15],[0,330,0,0,0,0,1,2,2,2]],[23,"Background",512,[-175],[[8,1,0,-173,[87],88],[9,0,45,100,40,-174]],[4,4281336063],[5,100,40]],[23,"Background",512,[-178],[[8,1,0,-176,[94],95],[9,0,45,100,40,-177]],[4,4281336063],[5,100,40]],[18,"menu",5,[-183,-184],[[10,2,-181,[[11,"d5d1b9tXXRHC6m+1uftge1B","menuScene",-180]],[4,4293322470],[4,4291348680],[4,3363338360],-179,107,108,109,110],[40,9,45,45,-182]],[5,100,40],[-555,279,0,0,0,0,1,0.8,1.8,0.8]],[0,"Point1",1,[[2,-185,[5,1000,1000]],[49,-186,2]],[5,1000,1000],[408,592,0,0,0,0,1,0.116,0.116,0.195]],[36,"GameController",5,[2],[-640,-360,0,0,0,0,1,1,1,1]],[0,"1",4,[[4,0,-187,[81]],[3,-188]],[5,1000,1000],[408,592,0,0,0,0,1,0.116,0.116,0.195]],[0,"2",4,[[4,0,-189,[56]],[3,-190]],[5,1000,1000],[525,592,0,0,0,0,1,0.116,0.116,0.195]],[0,"3",4,[[4,0,-191,[57]],[3,-192]],[5,1000,1000],[642,592,0,0,0,0,1,0.116,0.116,0.195]],[0,"4",4,[[4,0,-193,[58]],[3,-194]],[5,1000,1000],[759,592,0,0,0,0,1,0.116,0.116,0.195]],[0,"5",4,[[4,0,-195,[59]],[3,-196]],[5,1000,1000],[876,592,0,0,0,0,1,0.116,0.116,0.195]],[0,"6",4,[[4,0,-197,[60]],[3,-198]],[5,1000,1000],[408,474,0,0,0,0,1,0.116,0.116,0.195]],[0,"7",4,[[4,0,-199,[61]],[3,-200]],[5,1000,1000],[525,474,0,0,0,0,1,0.116,0.116,0.195]],[0,"8",4,[[4,0,-201,[62]],[3,-202]],[5,1000,1000],[642,474,0,0,0,0,1,0.116,0.116,0.195]],[0,"9",4,[[4,0,-203,[63]],[3,-204]],[5,1000,1000],[759,474,0,0,0,0,1,0.116,0.116,0.195]],[0,"10",4,[[4,0,-205,[64]],[3,-206]],[5,1000,1000],[876,474,0,0,0,0,1,0.116,0.116,0.195]],[0,"11",4,[[4,0,-207,[65]],[3,-208]],[5,1000,1000],[408,356,0,0,0,0,1,0.116,0.116,0.195]],[0,"12",4,[[4,0,-209,[66]],[3,-210]],[5,1000,1000],[525,356,0,0,0,0,1,0.116,0.116,0.195]],[0,"13",4,[[4,0,-211,[67]],[3,-212]],[5,1000,1000],[642,356,0,0,0,0,1,0.116,0.116,0.195]],[0,"14",4,[[4,0,-213,[68]],[3,-214]],[5,1000,1000],[759,356,0,0,0,0,1,0.116,0.116,0.195]],[0,"15",4,[[4,0,-215,[69]],[3,-216]],[5,1000,1000],[876,356,0,0,0,0,1,0.116,0.116,0.195]],[0,"16",4,[[4,0,-217,[70]],[3,-218]],[5,1000,1000],[408,238,0,0,0,0,1,0.116,0.116,0.195]],[0,"17",4,[[4,0,-219,[71]],[3,-220]],[5,1000,1000],[525,238,0,0,0,0,1,0.116,0.116,0.195]],[0,"18",4,[[4,0,-221,[72]],[3,-222]],[5,1000,1000],[642,238,0,0,0,0,1,0.116,0.116,0.195]],[0,"19",4,[[4,0,-223,[73]],[3,-224]],[5,1000,1000],[759,238,0,0,0,0,1,0.116,0.116,0.195]],[0,"20",4,[[4,0,-225,[74]],[3,-226]],[5,1000,1000],[876,238,0,0,0,0,1,0.116,0.116,0.195]],[0,"21",4,[[4,0,-227,[75]],[3,-228]],[5,1000,1000],[408,120,0,0,0,0,1,0.116,0.116,0.195]],[0,"22",4,[[4,0,-229,[76]],[3,-230]],[5,1000,1000],[525,120,0,0,0,0,1,0.116,0.116,0.195]],[0,"23",4,[[4,0,-231,[77]],[3,-232]],[5,1000,1000],[642,120,0,0,0,0,1,0.116,0.116,0.195]],[0,"24",4,[[4,0,-233,[78]],[3,-234]],[5,1000,1000],[759,120,0,0,0,0,1,0.116,0.116,0.195]],[32,"Blank",4,[[1,0,-235,[79],80],[3,-236]],[4,4293598229],[5,1000,1000],[876,120,0,0,0,0,1,0.116,0.116,0.195]],[0,"Point2",1,[[2,-237,[5,1000,1000]],[13,1,-238,2]],[5,1000,1000],[525,592,0,0,0,0,1,0.116,0.116,0.195]],[0,"Point3",1,[[2,-239,[5,1000,1000]],[13,2,-240,2]],[5,1000,1000],[642,592,0,0,0,0,1,0.116,0.116,0.195]],[0,"Point4",1,[[2,-241,[5,1000,1000]],[13,3,-242,2]],[5,1000,1000],[759,592,0,0,0,0,1,0.116,0.116,0.195]],[0,"Point5",1,[[2,-243,[5,1000,1000]],[13,4,-244,2]],[5,1000,1000],[876,592,0,0,0,0,1,0.116,0.116,0.195]],[0,"Point6",1,[[2,-245,[5,1000,1000]],[14,1,-246,2]],[5,1000,1000],[408,474,0,0,0,0,1,0.116,0.116,0.195]],[0,"Point7",1,[[2,-247,[5,1000,1000]],[5,1,1,-248,2]],[5,1000,1000],[525,474,0,0,0,0,1,0.116,0.116,0.195]],[0,"Point8",1,[[2,-249,[5,1000,1000]],[5,1,2,-250,2]],[5,1000,1000],[642,474,0,0,0,0,1,0.116,0.116,0.195]],[0,"Point9",1,[[2,-251,[5,1000,1000]],[5,1,3,-252,2]],[5,1000,1000],[759,474,0,0,0,0,1,0.116,0.116,0.195]],[0,"Point10",1,[[2,-253,[5,1000,1000]],[5,1,4,-254,2]],[5,1000,1000],[876,474,0,0,0,0,1,0.116,0.116,0.195]],[0,"Point11",1,[[2,-255,[5,1000,1000]],[14,2,-256,2]],[5,1000,1000],[408,356,0,0,0,0,1,0.116,0.116,0.195]],[0,"Point12",1,[[2,-257,[5,1000,1000]],[5,2,1,-258,2]],[5,1000,1000],[525,356,0,0,0,0,1,0.116,0.116,0.195]],[0,"Point13",1,[[2,-259,[5,1000,1000]],[5,2,2,-260,2]],[5,1000,1000],[642,356,0,0,0,0,1,0.116,0.116,0.195]],[0,"Point14",1,[[2,-261,[5,1000,1000]],[5,2,3,-262,2]],[5,1000,1000],[759,356,0,0,0,0,1,0.116,0.116,0.195]],[0,"Point15",1,[[2,-263,[5,1000,1000]],[5,2,4,-264,2]],[5,1000,1000],[876,356,0,0,0,0,1,0.116,0.116,0.195]],[0,"Point16",1,[[2,-265,[5,1000,1000]],[14,3,-266,2]],[5,1000,1000],[408,238,0,0,0,0,1,0.116,0.116,0.195]],[0,"Point17",1,[[2,-267,[5,1000,1000]],[5,3,1,-268,2]],[5,1000,1000],[525,238,0,0,0,0,1,0.116,0.116,0.195]],[0,"Point18",1,[[2,-269,[5,1000,1000]],[5,3,2,-270,2]],[5,1000,1000],[642,238,0,0,0,0,1,0.116,0.116,0.195]],[0,"Point19",1,[[2,-271,[5,1000,1000]],[5,3,3,-272,2]],[5,1000,1000],[759,238,0,0,0,0,1,0.116,0.116,0.195]],[0,"Point20",1,[[2,-273,[5,1000,1000]],[5,3,4,-274,2]],[5,1000,1000],[876,238,0,0,0,0,1,0.116,0.116,0.195]],[0,"Point21",1,[[2,-275,[5,1000,1000]],[14,4,-276,2]],[5,1000,1000],[408,120,0,0,0,0,1,0.116,0.116,0.195]],[0,"Point22",1,[[2,-277,[5,1000,1000]],[5,4,1,-278,2]],[5,1000,1000],[525,120,0,0,0,0,1,0.116,0.116,0.195]],[0,"Point23",1,[[2,-279,[5,1000,1000]],[5,4,2,-280,2]],[5,1000,1000],[642,120,0,0,0,0,1,0.116,0.116,0.195]],[0,"Point24",1,[[2,-281,[5,1000,1000]],[5,4,3,-282,2]],[5,1000,1000],[759,120,0,0,0,0,1,0.116,0.116,0.195]],[0,"Point25",1,[[2,-283,[5,1000,1000]],[5,4,4,-284,2]],[5,1000,1000],[876,120,0,0,0,0,1,0.116,0.116,0.195]],[33,"Background",512,10,[[8,1,0,-285,[103],104],[9,0,45,100,40,-286]],[5,100,40]],[34,"background",5,[[1,0,-287,[0],1],[41,45,1440,720,-288]],[5,1280,720]],[24,"Jjgsaw",5,[[19,-289]]],[0,"1",3,[[1,0,-290,[54],55]],[5,1000,1000],[408,592,0,0,0,0,1,0.116,0.116,0.195]],[0,"2",3,[[1,0,-291,[6],7]],[5,1000,1000],[525,592,0,0,0,0,1,0.116,0.116,0.195]],[0,"3",3,[[1,0,-292,[8],9]],[5,1000,1000],[642,592,0,0,0,0,1,0.116,0.116,0.195]],[0,"4",3,[[1,0,-293,[10],11]],[5,1000,1000],[759,592,0,0,0,0,1,0.116,0.116,0.195]],[0,"5",3,[[1,0,-294,[12],13]],[5,1000,1000],[876,592,0,0,0,0,1,0.116,0.116,0.195]],[0,"6",3,[[1,0,-295,[14],15]],[5,1000,1000],[408,474,0,0,0,0,1,0.116,0.116,0.195]],[0,"7",3,[[1,0,-296,[16],17]],[5,1000,1000],[525,474,0,0,0,0,1,0.116,0.116,0.195]],[0,"8",3,[[1,0,-297,[18],19]],[5,1000,1000],[642,474,0,0,0,0,1,0.116,0.116,0.195]],[0,"9",3,[[1,0,-298,[20],21]],[5,1000,1000],[759,474,0,0,0,0,1,0.116,0.116,0.195]],[0,"10",3,[[1,0,-299,[22],23]],[5,1000,1000],[876,474,0,0,0,0,1,0.116,0.116,0.195]],[0,"11",3,[[1,0,-300,[24],25]],[5,1000,1000],[408,356,0,0,0,0,1,0.116,0.116,0.195]],[0,"12",3,[[1,0,-301,[26],27]],[5,1000,1000],[525,356,0,0,0,0,1,0.116,0.116,0.195]],[0,"13",3,[[1,0,-302,[28],29]],[5,1000,1000],[642,356,0,0,0,0,1,0.116,0.116,0.195]],[0,"14",3,[[1,0,-303,[30],31]],[5,1000,1000],[759,356,0,0,0,0,1,0.116,0.116,0.195]],[0,"15",3,[[1,0,-304,[32],33]],[5,1000,1000],[876,356,0,0,0,0,1,0.116,0.116,0.195]],[0,"16",3,[[1,0,-305,[34],35]],[5,1000,1000],[408,238,0,0,0,0,1,0.116,0.116,0.195]],[0,"17",3,[[1,0,-306,[36],37]],[5,1000,1000],[525,238,0,0,0,0,1,0.116,0.116,0.195]],[0,"18",3,[[1,0,-307,[38],39]],[5,1000,1000],[642,238,0,0,0,0,1,0.116,0.116,0.195]],[0,"19",3,[[1,0,-308,[40],41]],[5,1000,1000],[759,238,0,0,0,0,1,0.116,0.116,0.195]],[0,"20",3,[[1,0,-309,[42],43]],[5,1000,1000],[876,238,0,0,0,0,1,0.116,0.116,0.195]],[0,"21",3,[[1,0,-310,[44],45]],[5,1000,1000],[408,120,0,0,0,0,1,0.116,0.116,0.195]],[0,"22",3,[[1,0,-311,[46],47]],[5,1000,1000],[525,120,0,0,0,0,1,0.116,0.116,0.195]],[0,"23",3,[[1,0,-312,[48],49]],[5,1000,1000],[642,120,0,0,0,0,1,0.116,0.116,0.195]],[0,"24",3,[[1,0,-313,[50],51]],[5,1000,1000],[759,120,0,0,0,0,1,0.116,0.116,0.195]],[0,"Blank",3,[[1,0,-314,[52],53]],[5,1000,1000],[876,120,0,0,0,0,1,0.116,0.116,0.195]],[26,"time",5,[[-315,[42,36,60.514999999999986,162.2,-316]],1,4],[4,4281532671],[5,208.97,75.6],[475,-160,0,0,0,0,1,1,1,1]],[26,"lowesttime",5,[[-317,[43,33,19.113,149.894,-318]],1,4],[4,4281532671],[5,288.22,50.4],[476.77699999999993,184.906,0,0,0,0,1,1,1,1]],[18,"countDownBtn",6,[8],[[10,2,-319,[[11,"342a54eQ2NH9JQszSoD07km","countDown",12]],[4,4293322470],[4,4291348680],[4,3363338360],8,89,90,91,92]],[5,100,40],[-150,0,0,0,0,0,1,2,2,1]],[18,"lowestTimeBtn",6,[9],[[10,2,-320,[[11,"342a54eQ2NH9JQszSoD07km","lowestTime",12]],[4,4293322470],[4,4291348680],[4,3363338360],9,96,97,98,99]],[5,100,40],[150,0,0,0,0,0,1,2,2,1]],[50,"New Node",false,[5],[0,0,0],[0,0,0,0,0,0,1,1,1,1]],[24,"Main Camera",5,[[51,7,-1,-321]]],[0,"Khung",5,[[7,-322,[2],3]],[5,1232,1232],[0,0,0,0,0,0,1,0.5,0.5,0.5]],[0,"Khung2",5,[[7,-323,[4],5]],[5,1232,1232],[-500,18.071,0,0,0,0,1,0.2,0.2,0.15]],[52,"Time: 0",60,60,1,1,1,90,[82]],[53,"Lowest Time: 0",1,1,1,2,91,[83]],[35,"New Sprite(Splash)",100,6,[[1,0,-324,[84],85]],[4,4278979596],[5,2000,1000]],[25,"Label",512,8,[[28,"CountDown",20,false,1,1,1,2,1,-325,[86]]],[4,4278190080],[5,100,40]],[25,"Label",512,9,[[28,"Lowest Time",20,false,1,1,1,2,1,-326,[93]]],[4,4278190080],[5,100,40]],[37,"bar",512,7,[-327],[4,4279959794],[5,300,15],[0,0,0.5],[-150,0,0,0,0,0,1,1,1,1]],[44,1,0,103,[100]],[0,"menu",10,[[7,-328,[105],106]],[5,56,52],[0,0,0,0,0,0,1,1,0.5,1]]],0,[0,-1,11,0,-2,38,0,-3,39,0,-4,40,0,-5,41,0,-6,42,0,-7,43,0,-8,44,0,-9,45,0,-10,46,0,-11,47,0,-12,48,0,-13,49,0,-14,50,0,-15,51,0,-16,52,0,-17,53,0,-18,54,0,-19,55,0,-20,56,0,-21,57,0,-22,58,0,-23,59,0,-24,60,0,-25,61,0,-1,11,0,-2,38,0,-3,39,0,-4,40,0,-5,41,0,-6,42,0,-7,43,0,-8,44,0,-9,45,0,-10,46,0,-11,47,0,-12,48,0,-13,49,0,-14,50,0,-15,51,0,-16,52,0,-17,53,0,-18,54,0,-19,55,0,-20,56,0,-21,57,0,-22,58,0,-23,59,0,-24,60,0,-25,61,0,-1,13,0,-2,14,0,-3,15,0,-4,16,0,-5,17,0,-6,18,0,-7,19,0,-8,20,0,-9,21,0,-10,22,0,-11,23,0,-12,24,0,-13,25,0,-14,26,0,-15,27,0,-16,28,0,-17,29,0,-18,30,0,-19,31,0,-20,32,0,-21,33,0,-22,34,0,-23,35,0,-24,36,0,-25,37,0,-1,65,0,-2,66,0,-3,67,0,-4,68,0,-5,69,0,-6,70,0,-7,71,0,-8,72,0,-9,73,0,-10,74,0,-11,75,0,-12,76,0,-13,77,0,-14,78,0,-15,79,0,-16,80,0,-17,81,0,-18,82,0,-19,83,0,-20,84,0,-21,85,0,-22,86,0,-23,87,0,-24,88,0,-25,89,0,-1,65,0,-2,66,0,-3,67,0,-4,68,0,-5,69,0,-6,70,0,-7,71,0,-8,72,0,-9,73,0,-10,74,0,-11,75,0,-12,76,0,-13,77,0,-14,78,0,-15,79,0,-16,80,0,-17,81,0,-18,82,0,-19,83,0,-20,84,0,-21,85,0,-22,86,0,-23,87,0,-24,88,0,-25,89,0,-1,13,0,-2,14,0,-3,15,0,-4,16,0,-5,17,0,-6,18,0,-7,19,0,-8,20,0,-9,21,0,-10,22,0,-11,23,0,-12,24,0,-13,25,0,-14,26,0,-15,27,0,-16,28,0,-17,29,0,-18,30,0,-19,31,0,-20,32,0,-21,33,0,-22,34,0,-23,35,0,-24,36,0,-25,37,0,0,5,0,0,5,0,-1,95,0,-2,63,0,-3,96,0,-4,97,0,-5,64,0,-9,12,0,-10,10,0,-11,91,0,-12,90,0,-13,6,0,-14,7,0,0,6,0,-1,100,0,-2,92,0,-3,93,0,0,7,0,11,104,0,0,7,0,0,7,0,-1,103,0,0,8,0,0,8,0,-1,101,0,0,9,0,0,9,0,-1,102,0,8,62,0,12,64,0,0,10,0,0,10,0,-1,62,0,-2,105,0,0,11,0,0,11,0,0,13,0,0,13,0,0,14,0,0,14,0,0,15,0,0,15,0,0,16,0,0,16,0,0,17,0,0,17,0,0,18,0,0,18,0,0,19,0,0,19,0,0,20,0,0,20,0,0,21,0,0,21,0,0,22,0,0,22,0,0,23,0,0,23,0,0,24,0,0,24,0,0,25,0,0,25,0,0,26,0,0,26,0,0,27,0,0,27,0,0,28,0,0,28,0,0,29,0,0,29,0,0,30,0,0,30,0,0,31,0,0,31,0,0,32,0,0,32,0,0,33,0,0,33,0,0,34,0,0,34,0,0,35,0,0,35,0,0,36,0,0,36,0,0,37,0,0,37,0,0,38,0,0,38,0,0,39,0,0,39,0,0,40,0,0,40,0,0,41,0,0,41,0,0,42,0,0,42,0,0,43,0,0,43,0,0,44,0,0,44,0,0,45,0,0,45,0,0,46,0,0,46,0,0,47,0,0,47,0,0,48,0,0,48,0,0,49,0,0,49,0,0,50,0,0,50,0,0,51,0,0,51,0,0,52,0,0,52,0,0,53,0,0,53,0,0,54,0,0,54,0,0,55,0,0,55,0,0,56,0,0,56,0,0,57,0,0,57,0,0,58,0,0,58,0,0,59,0,0,59,0,0,60,0,0,60,0,0,61,0,0,61,0,0,62,0,0,62,0,0,63,0,0,63,0,0,64,0,0,65,0,0,66,0,0,67,0,0,68,0,0,69,0,0,70,0,0,71,0,0,72,0,0,73,0,0,74,0,0,75,0,0,76,0,0,77,0,0,78,0,0,79,0,0,80,0,0,81,0,0,82,0,0,83,0,0,84,0,0,85,0,0,86,0,0,87,0,0,88,0,0,89,0,-1,98,0,0,90,0,-1,99,0,0,91,0,0,92,0,0,93,0,0,95,0,0,96,0,0,97,0,0,100,0,0,101,0,0,102,0,-1,104,0,0,105,0,13,94,1,7,5,2,14,7,2,15,6,2,16,99,2,17,98,2,0,12,3,7,5,4,7,5,5,7,94,8,7,92,9,7,93,328],[0,0,0,0,0,0,0,0,0,0,0,0,0,0,0,0,0,0,0,0,0,0,0,0,0,0,0,0,0,0,0,0,0,0,0,0,0,0,0,0,0,0,0,0,0,0,0,0,0,0,0,0,0,0,0,0,0,0,0,0,0,0,0,0,0,0,0,0,0,0,0,0,0,0,0,0,0,0,0,0,0,0,0,0,0,0,0,0,0,0,0,0,0,0,0,0,0,0,0,0,0,0,0,0,0,0,0,0,0,0,0,2,2,2,2,2,2,104],[-1,1,-1,1,-1,1,-1,1,-1,1,-1,1,-1,1,-1,1,-1,1,-1,1,-1,1,-1,1,-1,1,-1,1,-1,1,-1,1,-1,1,-1,1,-1,1,-1,1,-1,1,-1,1,-1,1,-1,1,-1,1,-1,1,-1,1,-1,1,-1,-1,-1,-1,-1,-1,-1,-1,-1,-1,-1,-1,-1,-1,-1,-1,-1,-1,-1,-1,-1,-1,-1,-1,1,-1,-1,-1,-1,1,-1,-1,1,3,4,5,6,-1,-1,1,3,4,5,6,-1,-1,1,-1,1,-1,1,3,4,5,6,18,19,20,21,22,23,1],[0,19,0,7,0,7,0,20,0,21,0,22,0,23,0,24,0,25,0,26,0,27,0,28,0,29,0,30,0,31,0,32,0,33,0,34,0,35,0,36,0,37,0,38,0,39,0,40,0,41,0,42,0,8,0,43,0,0,0,0,0,0,0,0,0,0,0,0,0,0,0,0,0,0,0,0,0,0,0,0,8,0,0,0,0,44,0,0,2,2,9,10,11,0,0,2,2,9,10,11,0,0,45,0,1,0,6,1,3,4,2,46,47,48,49,50,51,52]],[[{"name":"default_progressbar_bg","rect":[0,0,60,15],"offset":[0,0],"originalSize":[60,15],"capInsets":[10,4,10,4]}],[0],0,[0],[2],[53]],[[{"name":"menu","rect":[4,6,56,52],"offset":[0,0],"originalSize":[64,64],"capInsets":[0,0,0,0]}],[0],0,[0],[2],[54]],[[{"name":"button_100_down","rect":[0,0,100,100],"offset":[0,0],"originalSize":[100,100],"capInsets":[0,0,0,0]}],[0],0,[0],[2],[55]],[[{"name":"default_sprite_splash","rect":[0,0,2,2],"offset":[0,0],"originalSize":[2,2],"capInsets":[0,0,0,0]}],[0],0,[0],[2],[56]],[[{"name":"background","rect":[0,0,1440,720],"offset":[0,0],"originalSize":[1440,720],"capInsets":[0,0,0,0]}],[0],0,[0],[2],[57]],[[{"name":"Blank","rect":[0,0,1000,1000],"offset":[0,0],"originalSize":[1000,1000],"capInsets":[0,0,0,0]}],[0],0,[0],[2],[58]],[[[21,"Lose3"],[22,"Lose3",[-4,-5],[[19,-2],[20,45,640,640,360,360,-3]],[27,-1],[640,360,0,0,0,0,1,1,1,1]],[15,"Replay",1,[-8,-9],[[10,2,-7,[[11,"d5d1b9tXXRHC6m+1uftge1B","scene3",1]],[4,4293322470],[4,4291348680],[4,3363338360],-6,6,7,8,9]],[6,"48Ch98brZBuIVpALHx693M",1],[4,4294769917],[5,40,40],[0,-200,0,0,0,0,1,4,4,1]],[16,"Background",2,[[8,1,0,-10,[2],3],[9,0,45,100,40,-11]],[6,"d63SmsLMNLgLtY2HzMSCma",1],[4,4294638588],[5,40,40]],[12,"—Pngtree—game over writing design in_5991751",1,[[7,-12,[0],1]],[6,"24bjtn5vZHA792J5UoT65M",1],[5,4080,4080],[0,100,0,0,0,0,1,0.15,0.15,0.1]],[12,"repeat",2,[[7,-13,[4],5]],[6,"27u38ihuVJSKTd8LnWT/RX",1],[5,56,56],[0,0,0,0,0,0,1,0.5,0.5,1]]],0,[0,9,1,0,0,1,0,0,1,0,-1,4,0,-2,2,0,8,3,0,0,2,0,-1,3,0,-2,5,0,0,3,0,0,3,0,0,4,0,0,5,0,10,1,13],[0,0,0,0,0,0,0,0,0,0],[-1,1,-1,1,-1,1,3,4,5,6],[0,59,0,1,0,5,1,3,4,2]],[[{"name":"default_btn_pressed","rect":[0,0,40,40],"offset":[0,0],"originalSize":[40,40],"capInsets":[12,12,12,12]}],[0],0,[0],[2],[60]],[[{"name":"button_100_inactive","rect":[0,0,100,100],"offset":[0,0],"originalSize":[100,100],"capInsets":[0,0,0,0]}],[0],0,[0],[2],[61]],[[{"name":"default_btn_normal","rect":[0,0,40,40],"offset":[0,0],"originalSize":[40,40],"capInsets":[12,12,12,12]}],[0],0,[0],[2],[62]],[[{"name":"button_100_hover","rect":[0,0,100,100],"offset":[0,0],"originalSize":[100,100],"capInsets":[0,0,0,0]}],[0],0,[0],[2],[63]],[[{"name":"—Pngtree—you win brush stroke colorful_4006155","rect":[132,618,2221,1349],"offset":[-7.5,-42.5],"originalSize":[2500,2500],"capInsets":[0,0,0,0]}],[0],0,[0],[2],[64]]]]